runs,balls_faced,fours,sixes,strike_rate,position_batted,bowler,dismissal_type,result,potm,date,inning,opposition,venue,format
40,37,5,1,108.1,3,,not out,won,no,2007-04-03,2,Baroda,Wankhede,Twenty20
101,45,13,5,224.44,3,,not out,won,no,2007-04-04,2,Gujarat,Brabourne,Twenty20
13,11,0,1,118.18,3,SP Jobanputra,caught,won,no,2007-04-05,1,Saurashtra,Wankhede,Twenty20
18,11,2,1,163.63,3,SS Mundhe,caught,lost,no,2007-04-06,2,Maharashtra,Brabourne,Twenty20
25,26,1,1,96.15,4,R Prasanna,bowled,lost,no,2007-04-16,2,Tamil Nadu,Ahmedabad,Twenty20
0,1,0,0,0.0,3,A Mishra,caught,won,no,2007-04-17,2,Haryana,Ahmedabad,Twenty20
39,25,4,2,156.0,3,TP Sudhindra,caught,won,no,2007-04-18,1,M. Pradesh,Ahmedabad,Twenty20
16,16,1,0,100.0,3,SS Lahiri,caught,won,no,2007-04-19,1,Bengal,Ahmedabad,Twenty20
8,9,0,0,88.88,7,JH Kallis,bowled,lost,no,2007-06-26,1,South Africa,Belfast,ODI
50,40,7,2,125.0,5,,not out,won,yes,2007-09-20,1,South Africa,Durban,T20I
8,5,0,1,160.0,6,,not out,won,no,2007-09-22,1,Australia,Durban,T20I
30,16,2,1,187.5,6,,not out,won,no,2007-09-24,1,Pakistan,Johannesburg,T20I
1,4,0,0,25.0,7,JR Hopes,caught,lost,no,2007-10-05,2,Australia,Hyderabad,ODI
52,61,3,1,85.24,5,Shoaib Malik,caught,lost,no,2007-11-18,2,Pakistan,Jaipur,ODI
8,8,1,0,100.0,5,JR Hopes,bowled,lost,no,2008-02-01,1,Australia,Melbourne,T20I
29,43,5,0,67.44,4,B Lee,caught,n/r,no,2008-02-03,1,Australia,Brisbane,ODI
0,2,0,0,0.0,5,M Muralidaran,caught,n/r,no,2008-02-05,1,Sri Lanka,Brisbane,ODI
39,61,2,0,63.93,6,,not out,won,no,2008-02-10,2,Australia,Melbourne,ODI
70,64,6,1,109.37,4,,not out,lost,no,2008-02-12,1,Sri Lanka,Canberra,ODI
1,3,0,0,33.33,4,JR Hopes,caught,lost,no,2008-02-17,2,Australia,Adelaide,ODI
24,36,1,0,66.66,4,M Muralidaran,caught,won,no,2008-02-19,2,Sri Lanka,Adelaide,ODI
1,3,0,0,33.33,4,NW Bracken,caught,lost,no,2008-02-24,2,Australia,Sydney,ODI
3,7,0,0,42.85,5,,not out,won,no,2008-02-26,2,Sri Lanka,Hobart,ODI
66,87,6,0,75.86,5,JR Hopes,bowled,won,no,2008-03-02,2,Australia,Sydney,ODI
2,5,0,0,40.0,6,MJ Clarke,caught,won,no,2008-03-04,1,Australia,Brisbane,ODI
0,3,0,0,0.0,5,M Kartik,caught,lost,no,2008-04-20,1,KKR,Eden Gardens,Twenty20
66,36,6,4,183.33,5,R Bhatia,caught,lost,no,2008-04-22,1,Daredevils,Hyderabad,Twenty20
36,30,3,1,120.0,5,SK Warne,caught,lost,no,2008-04-24,1,RR,Hyderabad,Twenty20
76,42,10,2,180.95,4,,not out,lost,no,2008-05-01,1,Kings XI,Hyderabad,Twenty20
57,42,5,3,135.71,4,JH Kallis,caught,lost,no,2008-05-03,2,RCB,Bengaluru,Twenty20
23,17,2,1,135.29,4,M Muralidaran,caught,won,no,2008-05-06,2,CSK,Chennai,Twenty20
5,8,0,0,62.5,4,,run out,lost,no,2008-05-09,1,RR,Jaipur,Twenty20
33,24,3,2,137.5,4,AB Dinda,caught,lost,no,2008-05-11,2,KKR,Hyderabad,Twenty20
35,18,3,2,194.44,4,MF Maharoof,bowled,lost,no,2008-05-15,2,Daredevils,Delhi,Twenty20
6,10,1,0,60.0,3,CRD Fernando,lbw,lost,no,2008-05-18,2,MI,Hyderabad,Twenty20
50,27,3,4,185.18,3,VRV Singh,bowled,lost,no,2008-05-23,1,Kings XI,Mohali,Twenty20
17,16,2,0,106.25,3,R Vinay Kumar,caught,lost,no,2008-05-25,1,RCB,Hyderabad,Twenty20
9,27,0,0,33.33,5,Shahid Afridi,bowled,won,no,2008-06-10,1,Pakistan,Mirpur,ODI
26,43,1,1,60.46,3,Abdur Razzak,caught,won,no,2008-06-12,2,Bangladesh,Mirpur,ODI
24,27,5,0,88.88,3,Umar Gul,caught,lost,no,2008-06-14,2,Pakistan,Mirpur,ODI
11,29,0,0,37.93,3,,run out,won,no,2008-06-25,1,Hong Kong,Karachi,ODI
0,1,0,0,0.0,6,,not out,won,no,2008-06-26,2,Pakistan,Karachi,ODI
22,23,2,0,95.65,3,Shahadat Hossain,caught,won,no,2008-06-28,2,Bangladesh,Karachi,ODI
58,71,4,0,81.69,6,Iftikhar Anjum,caught,lost,no,2008-07-02,1,Pakistan,Karachi,ODI
22,28,2,0,78.57,6,,not out,won,no,2008-07-03,2,Sri Lanka,Karachi,ODI
3,8,0,0,37.5,6,BAW Mendis,lbw,lost,no,2008-07-06,2,Sri Lanka,Karachi,ODI
19,31,1,1,61.29,5,T Thushara,caught,lost,no,2008-08-18,1,Sri Lanka,Dambulla,ODI
0,2,0,0,0.0,6,T Thushara,lbw,won,no,2008-08-20,2,Sri Lanka,Dambulla,ODI
32,32,3,0,100.0,7,T Thushara,caught,won,no,2008-08-24,1,Sri Lanka,Colombo (RPS),ODI
18,23,0,0,78.26,6,BAW Mendis,caught,won,no,2008-08-27,1,Sri Lanka,Colombo (RPS),ODI
3,5,0,0,60.0,5,KMDN Kulasekara,lbw,lost,no,2008-08-29,2,Sri Lanka,Colombo (RPS),ODI
11,8,1,0,137.5,7,,not out,won,no,2008-11-14,1,England,Rajkot,ODI
3,13,0,0,23.07,4,SCJ Broad,caught,won,no,2008-11-17,1,England,Indore,ODI
28,41,3,0,68.29,4,GP Swann,caught,won,no,2008-11-20,2,England,Kanpur,ODI
8,10,1,0,80.0,6,,not out,won,no,2008-11-26,2,England,Cuttack,ODI
25,30,3,0,83.33,6,,not out,won,no,2009-01-28,2,Sri Lanka,Dambulla,ODI
4,6,0,0,66.66,7,,not out,won,no,2009-02-05,1,Sri Lanka,Colombo (RPS),ODI
15,22,1,0,68.18,5,MF Maharoof,caught,lost,no,2009-02-08,2,Sri Lanka,Colombo (RPS),ODI
4,11,0,0,36.36,6,ST Jayasuriya,caught,won,no,2009-02-10,2,Sri Lanka,Colombo (RPS),T20I
7,7,0,1,100.0,4,IG Butler,caught,lost,no,2009-02-25,1,New Zealand,Christchurch,T20I
43,74,1,1,58.1,4,,not out,lost,no,2009-03-14,1,New Zealand,Auckland,ODI
36,32,3,2,112.5,4,,not out,won,no,2009-04-19,2,KKR,Cape Town,Twenty20
52,30,1,5,173.33,4,DW Steyn,caught,won,no,2009-04-22,1,RCB,Cape Town,Twenty20
3,5,0,0,60.0,4,DJ Bravo,caught,won,no,2009-04-25,1,MI,Durban,Twenty20
18,19,0,1,94.73,4,L Balaji,caught,won,no,2009-04-27,2,CSK,Durban,Twenty20
17,20,2,0,85.0,4,A Mishra,caught,lost,no,2009-04-30,1,Daredevils,Centurion,Twenty20
38,32,2,2,118.75,4,SK Trivedi,caught,lost,no,2009-05-02,1,RR,Gqeberha,Twenty20
21,20,2,1,105.0,4,SB Jakati,caught,lost,no,2009-05-04,2,CSK,East London,Twenty20
38,36,2,1,105.55,4,SL Malinga,caught,won,yes,2009-05-06,1,MI,Centurion,Twenty20
9,15,1,0,60.0,4,B Lee,caught,lost,no,2009-05-09,1,Kings XI,Kimberley,Twenty20
9,14,0,0,64.28,3,RA Jadeja,stumped,won,no,2009-05-11,1,RR,Kimberley,Twenty20
6,7,1,0,85.71,3,PJ Sangwan,caught,lost,no,2009-05-13,2,Daredevils,Durban,Twenty20
32,13,3,2,246.15,5,,not out,won,yes,2009-05-16,2,KKR,Johannesburg,Twenty20
42,26,3,3,161.53,5,IK Pathan,bowled,lost,no,2009-05-17,2,Kings XI,Johannesburg,Twenty20
12,12,1,0,100.0,5,A Kumble,caught,lost,no,2009-05-21,2,RCB,Centurion,Twenty20
5,11,0,0,45.45,6,,not out,won,no,2009-05-22,2,Daredevils,Centurion,Twenty20
24,23,1,1,104.34,5,A Kumble,caught,won,no,2009-05-24,1,RCB,Johannesburg,Twenty20
36,23,3,2,156.52,2,Shakib Al Hasan,bowled,won,no,2009-06-06,1,Bangladesh,Nottingham,T20I
52,45,4,1,115.55,2,,not out,won,no,2009-06-10,2,Ireland,Nottingham,T20I
5,3,1,0,166.66,2,FH Edwards,caught,lost,no,2009-06-12,1,West Indies,Lord's,T20I
9,8,1,0,112.5,2,RJ Sidebottom,bowled,lost,no,2009-06-14,2,England,Lord's,T20I
29,28,3,0,103.57,2,JP Duminy,caught,lost,no,2009-06-16,2,South Africa,Nottingham,T20I
4,12,0,0,33.33,3,LS Baker,caught,won,no,2009-06-26,1,West Indies,Kingston,ODI
0,2,0,0,0.0,3,R Rampaul,caught,lost,no,2009-06-28,1,West Indies,Kingston,ODI
11,9,0,0,122.22,5,DJ Bravo,caught,won,no,2009-07-03,2,West Indies,Gros Islet,ODI
24,21,3,0,114.28,5,Z de Bruyn,caught,lost,no,2009-10-10,1,Somerset,Hyderabad,Twenty20
25,24,3,0,104.16,5,S Badree,caught,lost,no,2009-10-14,2,Trinidad & T,Hyderabad,Twenty20
47,26,4,3,180.76,3,RV Pawar,caught,won,no,2009-10-20,1,Baroda,Poona,Twenty20
43,33,3,2,130.3,4,,not out,won,no,2009-10-21,2,Gujarat,Poona,Twenty20
41,27,4,2,151.85,4,,run out,won,no,2009-10-22,1,Saurashtra,Pune,Twenty20
5,7,1,0,71.42,4,,run out,lost,no,2009-10-24,2,Maharashtra,Pune,Twenty20
3,4,0,0,75.0,5,,run out,lost,no,2009-12-09,2,Sri Lanka,Nagpur,T20I
48,61,3,0,78.68,4,J Botha,caught,lost,no,2010-02-27,2,South Africa,Ahmedabad,ODI
13,12,2,0,108.33,5,AD Mathews,caught,lost,no,2010-03-12,2,KKR,DY Patil,Twenty20
19,10,2,1,190.0,5,,not out,won,no,2010-03-14,1,CSK,Chennai,Twenty20
1,2,0,0,50.0,5,,run out,won,no,2010-03-19,1,Kings XI,Cuttack,Twenty20
45,30,3,3,150.0,5,DP Nannes,caught,won,no,2010-03-21,1,Daredevils,Cuttack,Twenty20
49,35,2,3,140.0,5,SW Tait,caught,lost,no,2010-03-26,1,RR,Ahmedabad,Twenty20
45,28,3,2,160.71,5,Z Khan,bowled,lost,no,2010-03-28,2,MI,DY Patil,Twenty20
2,6,0,0,33.33,5,M Kartik,bowled,lost,no,2010-04-01,2,KKR,Eden Gardens,Twenty20
11,13,0,0,84.61,5,KA Pollard,caught,lost,no,2010-04-03,2,MI,Brabourne,Twenty20
73,44,8,2,165.9,3,SK Trivedi,caught,lost,no,2010-04-05,2,RR,Nagpur,Twenty20
6,5,1,0,120.0,4,R Vinay Kumar,caught,won,no,2010-04-08,2,RCB,Bengaluru,Twenty20
8,15,0,0,53.33,4,SK Raina,caught,won,no,2010-04-10,2,CSK,Nagpur,Twenty20
51,46,7,0,110.86,4,R Vinay Kumar,caught,won,no,2010-04-12,1,RCB,Nagpur,Twenty20
68,38,6,3,178.94,4,,not out,won,yes,2010-04-16,2,Kings XI,Dharamsala,Twenty20
11,9,2,0,122.22,4,UT Yadav,caught,won,no,2010-04-18,1,Daredevils,Delhi,Twenty20
2,5,0,0,40.0,4,JA Morkel,caught,lost,no,2010-04-22,2,CSK,DY Patil,Twenty20
0,4,0,0,0.0,4,P Kumar,caught,lost,no,2010-04-24,1,RCB,DY Patil,Twenty20
79,46,4,6,171.73,4,,not out,lost,no,2010-05-07,2,Australia,Bridgetown,T20I
5,8,1,0,62.5,4,KA Pollard,caught,lost,no,2010-05-09,2,West Indies,Bridgetown,T20I
114,119,6,4,95.79,4,CB Mpofu,caught,lost,no,2010-05-28,1,Zimbabwe,Bulawayo,ODI
101,100,6,2,101.0,4,,not out,won,yes,2010-05-30,2,Sri Lanka,Bulawayo,ODI
13,25,0,0,52.0,4,,run out,lost,no,2010-06-03,1,Zimbabwe,Harare,ODI
32,40,1,0,80.0,5,S Randiv,bowled,lost,no,2010-06-05,1,Sri Lanka,Harare,ODI
10,15,1,0,66.66,4,RW Price,stumped,won,no,2010-06-12,2,Zimbabwe,Harare,T20I
0,0,0,0,0.0,5,,not out,won,no,2010-06-13,2,Zimbabwe,Harare,T20I
0,1,0,0,0.0,4,Shakib Al Hasan,lbw,won,no,2010-06-16,2,Bangladesh,Dambulla,ODI
22,24,2,0,91.66,5,Shahid Afridi,lbw,won,no,2010-06-19,2,Pakistan,Dambulla,ODI
69,73,7,0,94.52,4,,run out,lost,no,2010-06-22,1,Sri Lanka,Dambulla,ODI
41,52,3,0,78.84,5,KMDN Kulasekara,caught,won,no,2010-06-24,1,Sri Lanka,Dambulla,ODI
4,11,0,0,36.36,3,DR Tuffey,caught,lost,no,2010-08-10,2,New Zealand,Dambulla,ODI
0,2,0,0,0.0,4,AD Mathews,lbw,won,no,2010-08-16,2,Sri Lanka,Dambulla,ODI
11,21,2,0,52.38,3,AD Mathews,lbw,lost,no,2010-08-22,1,Sri Lanka,Dambulla,ODI
5,9,0,0,55.55,7,S Randiv,stumped,lost,no,2010-08-28,2,Sri Lanka,Dambulla,ODI
44,48,4,1,91.66,5,TG Southee,caught,won,no,2010-12-07,2,New Zealand,Bengaluru,ODI
53,34,5,2,155.88,3,JP Duminy,caught,won,yes,2011-01-09,1,South Africa,Durban,T20I
11,27,1,0,40.74,4,M Morkel,caught,lost,no,2011-01-12,2,South Africa,Durban,ODI
9,14,1,0,64.28,7,M Morkel,lbw,won,no,2011-01-15,1,South Africa,Johannesburg,ODI
23,45,2,0,51.11,1,M Morkel,bowled,won,no,2011-01-18,2,South Africa,Cape Town,ODI
1,6,0,0,16.66,1,LL Tsotsobe,caught,lost,no,2011-01-21,2,South Africa,Gqeberha,ODI
5,8,1,0,62.5,2,LL Tsotsobe,bowled,lost,no,2011-01-23,2,South Africa,Centurion,ODI
24,22,4,0,109.09,4,A Chandila,caught,lost,no,2011-03-12,1,Haryana,Hyderabad,Twenty20
27,30,3,0,90.0,4,,not out,won,no,2011-04-10,2,Daredevils,Delhi,Twenty20
20,18,1,1,111.11,4,,not out,won,no,2011-04-20,2,Warriors,Wankhede,Twenty20
87,48,8,5,181.25,4,DE Bollinger,caught,won,no,2011-04-22,1,CSK,Wankhede,Twenty20
56,34,5,3,164.7,5,,not out,won,no,2011-04-24,1,Chargers,Hyderabad,Twenty20
13,22,1,0,59.09,4,SK Warne,caught,lost,no,2011-04-29,1,RR,Jaipur,Twenty20
18,11,3,0,163.63,5,RJ Harris,caught,won,no,2011-05-02,1,Kings XI,Wankhede,Twenty20
12,20,0,0,60.0,4,R Sharma,caught,won,no,2011-05-04,1,Warriors,DY Patil,Twenty20
49,32,2,3,153.12,4,M Morkel,caught,won,no,2011-05-07,1,Daredevils,Wankhede,Twenty20
5,5,1,0,100.0,3,Bipul Sharma,stumped,lost,no,2011-05-10,2,Kings XI,Mohali,Twenty20
4,6,1,0,66.66,4,I Sharma,caught,lost,no,2011-05-14,2,Chargers,Wankhede,Twenty20
58,47,5,1,123.4,4,SK Warne,stumped,lost,no,2011-05-20,1,RR,Wankhede,Twenty20
10,9,1,0,111.11,4,R Bhatia,caught,won,no,2011-05-22,2,KKR,Eden Gardens,Twenty20
0,0,0,0,0.0,3,,run out,won,no,2011-05-25,2,KKR,Wankhede,Twenty20
13,15,1,0,86.66,4,DL Vettori,caught,lost,no,2011-05-27,2,RCB,Chennai,Twenty20
26,23,0,2,113.04,6,CD Barnwell,bowled,won,no,2011-06-04,1,West Indies,Port of Spain,T20I
68,75,3,1,90.66,5,,not out,won,yes,2011-06-06,2,West Indies,Port of Spain,ODI
7,14,1,0,50.0,5,,not out,won,no,2011-06-08,2,West Indies,Port of Spain,ODI
86,91,5,2,94.5,5,,not out,won,no,2011-06-11,2,West Indies,North Sound,ODI
39,47,0,1,82.97,5,A Martin,caught,lost,no,2011-06-13,2,West Indies,North Sound,ODI
57,72,2,1,79.16,5,A Martin,bowled,lost,no,2011-06-16,1,West Indies,Kingston,ODI
30,28,1,1,107.14,4,AEN Riley,bowled,won,no,2011-08-26,1,Kent,Canterbury,Twenty20
29,21,1,2,138.09,5,JJ Cobb,caught,won,no,2011-08-29,1,Leics,Leicester,Twenty20
1,3,0,0,33.33,5,GP Swann,stumped,lost,no,2011-08-31,1,England,Manchester,T20I
0,1,0,0,0.0,5,,retired notout,n/r,no,2011-09-03,1,England,Chester-le-Street,ODI
32,32,2,0,100.0,3,KR Makvana,caught,won,no,2011-10-22,2,Saurashtra,Rajkot,Twenty20
68,37,9,1,183.78,3,SS Mundhe,caught,won,no,2011-10-24,1,Maharashtra,Rajkot,Twenty20
72,99,3,1,72.72,5,A Martin,bowled,won,yes,2011-11-29,2,West Indies,Cuttack,ODI
90,98,7,2,91.83,5,,not out,won,no,2011-12-02,2,West Indies,Visakhapatnam,ODI
95,100,10,1,95.0,5,,run out,lost,no,2011-12-05,2,West Indies,Ahmedabad,ODI
27,16,3,0,168.75,5,KAJ Roach,bowled,won,no,2011-12-08,1,West Indies,Indore,ODI
21,26,1,0,80.76,6,SP Narine,bowled,won,no,2011-12-11,1,West Indies,Chennai,ODI
0,1,0,0,0.0,5,DJ Hussey,bowled,lost,no,2012-02-01,2,Australia,Sydney,T20I
21,21,2,0,100.0,4,CJ McKay,caught,lost,no,2012-02-05,2,Australia,Melbourne,ODI
10,17,1,0,58.82,4,NLTC Perera,caught,won,no,2012-02-08,2,Sri Lanka,W.A.C.A,ODI
33,41,1,1,80.48,4,RJ Harris,caught,won,no,2012-02-12,2,Australia,Adelaide,ODI
15,27,2,0,55.55,4,,run out,tied,no,2012-02-14,2,Sri Lanka,Adelaide,ODI
0,5,0,0,0.0,4,B Lee,caught,lost,no,2012-02-19,2,Australia,Brisbane,ODI
4,6,0,0,66.66,6,,run out,lost,no,2012-03-16,1,Bangladesh,Mirpur,ODI
68,83,5,1,81.92,4,Umar Gul,caught,won,no,2012-03-18,2,Pakistan,Mirpur,ODI
7,6,1,0,116.66,4,C Ganapathy,caught,won,no,2012-03-24,1,Tamil Nadu,Brabourne,Twenty20
16,16,2,0,100.0,4,R Sharma,caught,lost,no,2012-03-26,1,Punjab,Mumbai,Twenty20
0,3,0,0,0.0,3,DE Bollinger,caught,won,no,2012-04-04,2,CSK,Chennai,Twenty20
1,6,0,0,16.66,3,AB Dinda,caught,lost,no,2012-04-06,2,Warriors,Wankhede,Twenty20
73,50,4,5,146.0,3,,not out,won,yes,2012-04-09,2,Chargers,Visakhapatnam,Twenty20
21,13,2,1,161.53,3,GB Hogg,bowled,won,no,2012-04-11,1,RR,Wankhede,Twenty20
29,27,5,0,107.4,3,AB Agarkar,caught,lost,no,2012-04-16,1,Daredevils,Wankhede,Twenty20
2,5,0,0,40.0,3,P Awana,caught,lost,no,2012-04-22,1,Kings XI,Wankhede,Twenty20
50,30,3,3,166.66,3,P Awana,caught,won,no,2012-04-25,2,Kings XI,Mohali,Twenty20
12,6,1,1,200.0,3,IK Pathan,caught,lost,no,2012-04-27,2,Daredevils,Delhi,Twenty20
42,48,4,1,87.5,3,JP Duminy,caught,won,no,2012-04-29,2,Chargers,Wankhede,Twenty20
3,5,0,0,60.0,3,,run out,won,no,2012-05-03,1,Warriors,Pune,Twenty20
60,46,6,2,130.43,3,RA Jadeja,bowled,won,no,2012-05-06,2,CSK,Wankhede,Twenty20
0,3,0,0,0.0,3,R Vinay Kumar,lbw,lost,no,2012-05-09,1,RCB,Wankhede,Twenty20
109,60,12,5,181.66,3,,not out,won,yes,2012-05-12,1,KKR,Eden Gardens,Twenty20
5,7,1,0,71.42,3,R Vinay Kumar,caught,won,no,2012-05-14,2,RCB,Bengaluru,Twenty20
12,14,1,0,85.71,4,SP Narine,caught,lost,no,2012-05-16,2,KKR,Wankhede,Twenty20
14,19,0,0,73.68,3,JA Morkel,caught,lost,no,2012-05-23,2,CSK,Bengaluru,Twenty20
52,36,5,2,144.44,3,SJ Benn,caught,lost,no,2012-06-23,1,W. Indies A,Port of Spain,Twenty20
3,4,0,0,75.0,3,,run out,tied,no,2012-06-24,1,W. Indies A,Port of Spain,Twenty20
5,8,0,0,62.5,4,AD Mathews,bowled,won,no,2012-07-21,1,Sri Lanka,Hambantota,ODI
0,5,0,0,0.0,4,AD Mathews,bowled,lost,no,2012-07-24,1,Sri Lanka,Hambantota,ODI
0,1,0,0,0.0,5,SL Malinga,lbw,won,no,2012-07-28,2,Sri Lanka,Colombo (RPS),ODI
4,14,0,0,28.57,4,N Pradeep,lbw,won,no,2012-07-31,2,Sri Lanka,Colombo (RPS),ODI
4,9,1,0,44.44,4,N Pradeep,bowled,won,no,2012-08-04,1,Sri Lanka,Pallekele,ODI
4,2,0,0,200.0,6,,not out,lost,no,2012-09-11,2,New Zealand,Chennai,T20I
1,1,0,0,100.0,7,,not out,won,no,2012-09-19,1,Afghanistan,Colombo (RPS),T20I
55,33,5,1,166.66,4,,not out,won,no,2012-09-23,1,England,Colombo (RPS),T20I
1,2,0,0,50.0,5,MA Starc,bowled,lost,no,2012-09-28,1,Australia,Colombo (RPS),T20I
25,27,2,0,92.59,4,RJ Peterson,lbw,won,no,2012-10-02,1,South Africa,Colombo (RPS),T20I
27,27,2,1,100.0,3,DP Nannes,bowled,lost,no,2012-10-14,1,Lions,Johannesburg,Twenty20
25,23,1,1,108.69,3,Azeem Rafiq,bowled,n/r,no,2012-10-18,1,Yorkshire,Cape Town,Twenty20
32,26,1,3,123.07,3,JA Morkel,caught,lost,no,2012-10-20,2,CSK,Johannesburg,Twenty20
16,19,2,1,84.21,3,,run out,lost,no,2012-10-22,2,Sixers,Durban,Twenty20
24,19,1,1,126.31,5,JC Tredwell,bowled,lost,no,2012-12-22,1,England,Wankhede,T20I
2,2,0,0,100.0,7,,run out,lost,no,2012-12-25,1,Pakistan,Bengaluru,T20I
4,2,1,0,200.0,7,,not out,won,no,2012-12-28,1,Pakistan,Ahmedabad,T20I
4,14,0,0,28.57,5,Junaid Khan,caught,lost,no,2012-12-30,1,Pakistan,Chennai,ODI
83,93,11,1,89.24,2,ST Finn,lbw,won,no,2013-01-23,2,England,Mohali,ODI
4,9,1,0,44.44,2,TT Bresnan,caught,lost,no,2013-01-27,1,England,Dharamsala,ODI
11,11,1,0,100.0,4,R Vinay Kumar,bowled,lost,no,2013-04-04,2,RCB,Bengaluru,Twenty20
8,10,1,0,80.0,4,DJ Bravo,caught,won,no,2013-04-06,1,CSK,Chennai,Twenty20
74,50,4,5,148.0,4,,not out,won,no,2013-04-09,1,Daredevils,Wankhede,Twenty20
62,32,3,5,193.75,4,,not out,won,yes,2013-04-13,1,Warriors,Wankhede,Twenty20
2,7,0,0,28.57,4,SK Trivedi,caught,lost,no,2013-04-17,2,RR,Jaipur,Twenty20
73,43,5,5,169.76,4,UT Yadav,caught,lost,no,2013-04-21,1,Daredevils,Delhi,Twenty20
34,28,1,2,121.42,4,SP Narine,caught,won,no,2013-04-24,2,KKR,Eden Gardens,Twenty20
10,8,1,0,125.0,4,,run out,won,no,2013-04-27,1,RCB,Wankhede,Twenty20
79,39,6,6,202.56,4,,not out,won,yes,2013-04-29,1,Kings XI,Wankhede,Twenty20
22,22,2,0,100.0,4,A Mishra,caught,lost,no,2013-05-01,1,SRH,Hyderabad,Twenty20
39,30,3,1,130.0,5,,not out,won,no,2013-05-05,1,CSK,Wankhede,Twenty20
16,11,1,1,145.45,4,R McLaren,caught,won,no,2013-05-07,1,KKR,Wankhede,Twenty20
37,41,3,0,90.24,4,KW Richardson,caught,won,no,2013-05-11,2,Warriors,Pune,Twenty20
20,15,0,2,133.33,4,,not out,won,no,2013-05-13,2,SRH,Wankhede,Twenty20
14,9,2,0,155.55,4,JP Faulkner,caught,won,no,2013-05-15,1,RR,Wankhede,Twenty20
25,25,2,1,100.0,4,PP Chawla,bowled,lost,no,2013-05-18,2,Kings XI,Dharamsala,Twenty20
8,15,0,0,53.33,4,CH Morris,caught,lost,no,2013-05-21,2,CSK,Delhi,Twenty20
2,8,0,0,25.0,4,SK Trivedi,bowled,won,no,2013-05-24,2,RR,Eden Gardens,Twenty20
2,5,0,0,40.0,4,JA Morkel,caught,won,no,2013-05-26,1,CSK,Eden Gardens,Twenty20
65,81,8,1,80.24,1,R McLaren,caught,won,no,2013-06-06,1,South Africa,Cardiff,ODI
52,56,7,0,92.85,1,SP Narine,caught,won,no,2013-06-11,2,West Indies,The Oval,ODI
18,32,2,0,56.25,1,Saeed Ajmal,caught,won,no,2013-06-15,2,Pakistan,Birmingham,ODI
33,50,4,0,66.0,1,AD Mathews,bowled,won,no,2013-06-20,2,Sri Lanka,Cardiff,ODI
9,14,1,0,64.28,1,SCJ Broad,bowled,won,no,2013-06-23,1,England,Birmingham,ODI
60,89,4,1,67.41,1,DJG Sammy,caught,lost,no,2013-06-30,1,West Indies,Kingston,ODI
5,13,0,0,38.46,1,KMDN Kulasekara,caught,lost,no,2013-07-02,2,Sri Lanka,Kingston,ODI
46,78,5,0,58.97,1,TL Best,caught,won,no,2013-07-05,1,West Indies,Port of Spain,ODI
48,83,2,1,57.83,1,,not out,won,no,2013-07-09,1,Sri Lanka,Port of Spain,ODI
58,89,5,1,65.16,1,HMRKB Herath,bowled,won,no,2013-07-11,2,Sri Lanka,Port of Spain,ODI
20,40,2,0,50.0,1,E Chigumbura,caught,won,no,2013-07-24,2,Zimbabwe,Harare,ODI
1,7,0,0,14.28,1,BV Vitori,caught,won,no,2013-07-26,1,Zimbabwe,Harare,ODI
14,21,2,0,66.66,1,MT Chinouya,caught,won,no,2013-07-28,2,Zimbabwe,Harare,ODI
64,90,5,1,71.11,2,,not out,won,no,2013-08-01,2,Zimbabwe,Bulawayo,ODI
44,37,3,2,118.91,4,SR Watson,caught,lost,no,2013-09-21,1,RR,Jaipur,Twenty20
20,17,2,0,117.64,4,D Pretorius,caught,won,no,2013-09-27,2,Lions,Jaipur,Twenty20
51,24,3,4,212.5,4,,not out,won,yes,2013-10-02,2,Scorchers,Delhi,Twenty20
25,22,1,2,113.63,4,SP Narine,bowled,won,no,2013-10-05,2,Trinidad & T,Delhi,Twenty20
33,14,3,2,235.71,4,R Shukla,caught,won,no,2013-10-06,1,RR,Delhi,Twenty20
8,8,0,1,100.0,1,CJ McKay,caught,won,no,2013-10-10,2,Australia,Rajkot,T20I
42,47,6,0,89.36,2,SR Watson,caught,lost,no,2013-10-13,2,Australia,Pune,ODI
141,123,17,4,114.63,1,,not out,won,yes,2013-10-16,2,Australia,Jaipur,ODI
11,22,2,0,50.0,1,SR Watson,caught,lost,no,2013-10-19,1,Australia,Mohali,ODI
9,13,1,0,69.23,1,,not out,n/r,no,2013-10-23,2,Australia,Ranchi,ODI
79,89,7,3,88.76,1,AJ Finch,caught,won,no,2013-10-30,2,Australia,Nagpur,ODI
209,158,12,16,132.27,1,CJ McKay,caught,won,yes,2013-11-02,1,Australia,Bengaluru,ODI
177,301,23,1,58.8,6,V Permaul,lbw,won,yes,2013-11-06,2,West Indies,Eden Gardens,Test
111,127,11,3,87.4,6,,not out,won,no,2013-11-14,2,West Indies,Wankhede,Test
72,81,8,1,88.88,1,R Rampaul,caught,won,no,2013-11-21,2,West Indies,Kochi,ODI
12,19,3,0,63.15,1,R Rampaul,caught,lost,no,2013-11-24,1,West Indies,Visakhapatnam,ODI
4,14,0,0,28.57,1,R Rampaul,caught,won,no,2013-11-27,2,West Indies,Kanpur,ODI
18,43,2,0,41.86,1,,run out,lost,no,2013-12-05,2,South Africa,Johannesburg,ODI
19,26,2,0,73.07,1,LL Tsotsobe,caught,lost,no,2013-12-08,2,South Africa,Durban,ODI
14,42,1,0,33.33,5,VD Philander,caught,draw,no,2013-12-18,1,South Africa,Johannesburg,Test
6,13,1,0,46.15,5,JH Kallis,bowled,draw,no,2013-12-18,3,South Africa,Johannesburg,Test
0,1,0,0,0.0,5,DW Steyn,bowled,lost,no,2013-12-26,1,South Africa,Durban,Test
25,46,2,1,54.34,5,VD Philander,lbw,lost,no,2013-12-26,3,South Africa,Durban,Test
3,23,0,0,13.04,1,MJ McClenaghan,caught,lost,no,2014-01-19,2,New Zealand,Napier,ODI
20,34,2,1,58.82,2,TG Southee,caught,lost,no,2014-01-22,2,New Zealand,Hamilton,ODI
39,38,1,4,102.63,1,CJ Anderson,caught,tied,no,2014-01-25,2,New Zealand,Auckland,ODI
79,94,6,4,84.04,1,KS Williamson,caught,lost,no,2014-01-28,1,New Zealand,Hamilton,ODI
4,13,0,0,30.76,1,KD Mills,caught,lost,no,2014-01-31,2,New Zealand,Wellington,ODI
72,120,8,1,60.0,5,TA Boult,bowled,lost,no,2014-02-06,2,New Zealand,Auckland,Test
19,59,2,0,32.2,5,TG Southee,caught,lost,no,2014-02-06,4,New Zealand,Auckland,Test
31,97,4,0,31.95,5,,not out,draw,no,2014-02-14,4,New Zealand,Wellington,Test
0,3,0,0,0.0,6,JDS Neesham,bowled,draw,no,2014-02-14,2,New Zealand,Wellington,Test
21,29,1,1,72.41,1,Ziaur Rahman,bowled,won,no,2014-02-26,2,Bangladesh,Fatullah,ODI
13,28,1,0,46.42,1,SMSM Senanayake,lbw,lost,no,2014-02-28,1,Sri Lanka,Fatullah,ODI
56,58,7,2,96.55,1,Mohammad Talha,caught,lost,no,2014-03-02,1,Pakistan,Mirpur,ODI
18,24,1,0,75.0,3,,not out,won,no,2014-03-05,2,Afghanistan,Mirpur,ODI
24,21,1,2,114.28,1,Saeed Ajmal,bowled,won,no,2014-03-21,2,Pakistan,Mirpur,T20I
62,55,5,2,112.72,1,,not out,won,no,2014-03-23,2,West Indies,Mirpur,T20I
56,44,5,1,127.27,1,Mashrafe Mortaza,caught,won,no,2014-03-28,2,Bangladesh,Mirpur,T20I
5,3,1,0,166.66,1,BJ Hodge,caught,won,no,2014-03-30,1,Australia,Mirpur,T20I
24,13,4,1,184.61,1,BE Hendricks,caught,won,no,2014-04-04,2,South Africa,Mirpur,T20I
29,26,3,0,111.53,1,HMRKB Herath,caught,lost,no,2014-04-06,1,Sri Lanka,Mirpur,T20I
27,20,0,1,135.0,4,M Morkel,caught,lost,no,2014-04-16,2,KKR,Abu Dhabi,Twenty20
2,5,0,0,40.0,4,YS Chahal,caught,lost,no,2014-04-19,1,RCB,Dubai (DICS),Twenty20
50,41,3,2,121.95,4,BW Hilfenhaus,caught,lost,no,2014-04-25,1,CSK,Dubai (DICS),Twenty20
4,5,0,0,80.0,1,,run out,lost,no,2014-04-27,1,Daredevils,Sharjah,Twenty20
1,5,0,0,20.0,2,B Kumar,bowled,lost,no,2014-04-30,2,SRH,Dubai (DICS),Twenty20
39,34,4,2,114.7,4,L Balaji,caught,won,no,2014-05-03,2,Kings XI,Wankhede,Twenty20
59,35,3,4,168.57,4,,not out,won,yes,2014-05-06,1,RCB,Wankhede,Twenty20
19,19,1,0,100.0,4,R Ashwin,caught,lost,no,2014-05-10,1,CSK,Wankhede,Twenty20
14,6,3,0,233.33,4,,not out,won,no,2014-05-12,2,SRH,Hyderabad,Twenty20
51,45,4,2,113.33,4,SP Narine,bowled,lost,no,2014-05-14,1,KKR,Cuttack,Twenty20
40,19,3,4,210.52,4,,run out,won,no,2014-05-19,1,RR,Ahmedabad,Twenty20
18,20,2,0,90.0,4,BE Hendricks,caught,won,no,2014-05-21,2,Kings XI,Mohali,Twenty20
30,21,4,0,142.85,3,JD Unadkat,bowled,won,no,2014-05-23,1,Daredevils,Wankhede,Twenty20
16,11,1,1,145.45,5,DS Kulkarni,caught,won,no,2014-05-25,2,RR,Wankhede,Twenty20
20,16,3,0,125.0,4,MM Sharma,caught,lost,no,2014-05-28,1,CSK,Brabourne,Twenty20
28,61,3,0,45.9,6,MM Ali,caught,lost,no,2014-07-27,2,England,Southampton,Test
6,28,0,0,21.42,6,JM Anderson,caught,lost,no,2014-07-27,4,England,Southampton,Test
52,87,4,1,59.77,1,JC Tredwell,caught,won,no,2014-08-27,1,England,Cardiff,ODI
264,173,33,9,152.6,2,KMDN Kulasekara,caught,won,yes,2014-11-13,1,Sri Lanka,Eden Gardens,ODI
9,12,2,0,75.0,2,AD Mathews,bowled,won,no,2014-11-16,2,Sri Lanka,Ranchi,ODI
43,89,5,0,48.31,6,NM Lyon,caught,lost,no,2014-12-09,2,Australia,Adelaide,Test
6,18,1,0,33.33,6,NM Lyon,caught,lost,no,2014-12-09,4,Australia,Adelaide,Test
0,2,0,0,0.0,6,MG Johnson,caught,lost,no,2014-12-17,3,Australia,Brisbane,Test
32,55,3,1,58.18,6,SR Watson,caught,lost,no,2014-12-17,1,Australia,Brisbane,Test
39,90,2,2,43.33,3,SR Watson,caught,draw,no,2015-01-06,4,Australia,Sydney,Test
53,133,5,2,39.84,3,NM Lyon,bowled,draw,no,2015-01-06,2,Australia,Sydney,Test
138,139,9,4,99.28,1,MA Starc,caught,lost,no,2015-01-18,1,Australia,Melbourne,ODI
15,20,2,0,75.0,1,Sohail Khan,caught,won,no,2015-02-15,1,Pakistan,Adelaide,ODI
0,6,0,0,0.0,1,,run out,won,no,2015-02-22,1,South Africa,Melbourne,ODI
57,55,10,1,103.63,1,,not out,won,no,2015-02-28,2,U.A.E.,W.A.C.A,ODI
7,18,1,0,38.88,1,JE Taylor,caught,won,no,2015-03-06,2,West Indies,W.A.C.A,ODI
64,66,3,3,96.96,1,SR Thompson,bowled,won,no,2015-03-10,2,Ireland,Hamilton,ODI
16,21,2,0,76.19,1,T Panyangara,caught,won,no,2015-03-14,2,Zimbabwe,Auckland,ODI
137,126,14,3,108.73,1,Taskin Ahmed,bowled,won,yes,2015-03-19,1,Bangladesh,Melbourne,ODI
34,48,1,2,70.83,1,MG Johnson,bowled,lost,no,2015-03-26,2,Australia,Sydney,ODI
98,65,12,4,150.76,1,,not out,lost,no,2015-04-08,1,KKR,Eden Gardens,Twenty20
0,2,0,0,0.0,1,Sandeep Sharma,lbw,lost,no,2015-04-12,2,Kings XI,Wankhede,Twenty20
0,5,0,0,0.0,4,STR Binny,caught,lost,no,2015-04-14,1,RR,Ahmedabad,Twenty20
50,31,5,1,161.29,4,A Nehra,caught,lost,no,2015-04-17,1,CSK,Wankhede,Twenty20
42,15,3,4,280.0,4,D Wiese,caught,won,no,2015-04-19,1,RCB,Bengaluru,Twenty20
30,24,0,2,125.0,4,NM Coulter-Nile,caught,lost,no,2015-04-23,2,Daredevils,Delhi,Twenty20
24,15,2,1,160.0,4,KV Sharma,caught,won,no,2015-04-25,1,SRH,Wankhede,Twenty20
27,21,2,1,128.57,4,DS Kulkarni,caught,won,no,2015-05-01,1,RR,Wankhede,Twenty20
26,20,2,0,130.0,3,MG Johnson,caught,won,no,2015-05-03,1,Kings XI,Mohali,Twenty20
46,37,2,3,124.32,4,A Mishra,bowled,won,no,2015-05-05,2,Daredevils,Wankhede,Twenty20
18,22,0,0,81.81,3,DJ Bravo,caught,won,no,2015-05-08,2,CSK,Chennai,Twenty20
15,13,1,1,115.38,3,HV Patel,caught,lost,no,2015-05-10,2,RCB,Wankhede,Twenty20
30,21,5,0,142.85,3,SP Narine,bowled,won,no,2015-05-14,1,KKR,Wankhede,Twenty20
7,2,0,1,350.0,3,,not out,won,no,2015-05-17,2,SRH,Hyderabad,Twenty20
19,14,1,1,135.71,3,DJ Bravo,caught,won,no,2015-05-19,1,CSK,Wankhede,Twenty20
50,26,6,2,192.3,3,DJ Bravo,caught,won,yes,2015-05-24,1,CSK,Eden Gardens,Twenty20
6,9,1,0,66.66,3,Shakib Al Hasan,bowled,draw,no,2015-06-10,1,Bangladesh,Fatullah,Test
63,68,4,1,92.64,1,Mustafizur Rahman,caught,lost,no,2015-06-18,2,Bangladesh,Mirpur,ODI
0,2,0,0,0.0,1,Mustafizur Rahman,caught,lost,no,2015-06-21,1,Bangladesh,Mirpur,ODI
29,29,2,1,100.0,1,Mustafizur Rahman,caught,won,no,2015-06-24,1,Bangladesh,Mirpur,ODI
9,24,1,0,37.5,3,AD Mathews,lbw,lost,no,2015-08-12,2,Sri Lanka,Galle,Test
4,16,1,0,25.0,4,HMRKB Herath,bowled,lost,no,2015-08-12,4,Sri Lanka,Galle,Test
34,55,2,0,61.81,5,PHT Kaushal,caught,won,no,2015-08-20,3,Sri Lanka,Colombo (PSS),Test
79,132,5,3,59.84,5,AD Mathews,lbw,won,no,2015-08-20,1,Sri Lanka,Colombo (PSS),Test
50,72,4,1,69.44,5,KTGD Prasad,caught,won,no,2015-08-28,3,Sri Lanka,Colombo (SSC),Test
26,65,3,1,40.0,5,KTGD Prasad,caught,won,no,2015-08-28,1,Sri Lanka,Colombo (SSC),Test
106,66,12,5,160.6,1,KJ Abbott,caught,lost,no,2015-10-02,1,South Africa,Dharamsala,T20I
22,24,2,0,91.66,1,,run out,lost,no,2015-10-05,1,South Africa,Cuttack,T20I
150,133,13,6,112.78,1,Imran Tahir,caught,lost,no,2015-10-11,2,South Africa,Kanpur,ODI
3,10,0,0,30.0,1,K Rabada,bowled,won,no,2015-10-14,1,South Africa,Indore,ODI
65,74,7,2,87.83,1,JP Duminy,caught,lost,no,2015-10-18,2,South Africa,Rajkot,ODI
21,19,4,0,110.52,1,CH Morris,caught,won,no,2015-10-22,1,South Africa,Chennai,ODI
16,20,3,0,80.0,1,KJ Abbott,caught,lost,no,2015-10-25,2,South Africa,Wankhede,ODI
23,39,1,1,58.97,6,M Morkel,caught,won,no,2015-11-25,3,South Africa,Nagpur,Test
2,28,0,0,7.14,6,SR Harmer,caught,won,no,2015-11-25,1,South Africa,Nagpur,Test
0,1,0,0,0.0,3,M Morkel,bowled,won,no,2015-12-03,3,South Africa,Delhi,Test
1,6,0,0,16.66,6,DL Piedt,caught,won,no,2015-12-03,1,South Africa,Delhi,Test
171,163,13,7,104.9,1,,not out,lost,no,2016-01-12,1,Australia,W.A.C.A,ODI
124,127,11,3,97.63,1,,run out,lost,yes,2016-01-15,1,Australia,Brisbane,ODI
6,11,0,0,54.54,1,KW Richardson,caught,lost,no,2016-01-17,1,Australia,Melbourne,ODI
41,25,2,3,164.0,1,KW Richardson,caught,lost,no,2016-01-20,2,Australia,Canberra,ODI
99,108,9,1,91.66,1,JW Hastings,caught,won,no,2016-01-23,2,Australia,Sydney,ODI
31,20,4,1,155.0,1,SR Watson,caught,won,no,2016-01-26,1,Australia,Adelaide,T20I
60,47,5,2,127.65,1,,run out,won,no,2016-01-29,1,Australia,Melbourne,T20I
52,38,5,1,136.84,1,CJ Boyce,caught,won,no,2016-01-31,2,Australia,Sydney,T20I
0,2,0,0,0.0,1,CAK Rajitha,caught,lost,no,2016-02-09,1,Sri Lanka,Pune,T20I
43,36,2,1,119.44,1,PVD Chameera,caught,won,no,2016-02-12,1,Sri Lanka,Ranchi,T20I
13,13,1,1,100.0,1,PVD Chameera,lbw,won,no,2016-02-14,2,Sri Lanka,Visakhapatnam,T20I
83,55,7,3,150.9,1,Al-Amin Hossain,caught,won,yes,2016-02-24,1,Bangladesh,Mirpur,T20I
0,2,0,0,0.0,1,Mohammad Amir,lbw,won,no,2016-02-27,2,Pakistan,Mirpur,T20I
15,14,3,0,107.14,2,KMDN Kulasekara,caught,won,no,2016-03-01,2,Sri Lanka,Mirpur,T20I
39,28,7,1,139.28,1,Qadeer Ahmed,caught,won,yes,2016-03-03,2,U.A.E.,Mirpur,T20I
1,5,0,0,20.0,1,Al-Amin Hossain,caught,won,no,2016-03-06,2,Bangladesh,Mirpur,T20I
5,7,0,0,71.42,1,MJ Santner,stumped,lost,no,2016-03-15,2,New Zealand,Nagpur,T20I
10,11,2,0,90.9,1,Mohammad Amir,caught,won,no,2016-03-19,2,Pakistan,Eden Gardens,T20I
18,16,1,1,112.5,1,Mustafizur Rahman,caught,won,no,2016-03-23,1,Bangladesh,Bengaluru,T20I
12,17,1,0,70.58,1,SR Watson,bowled,won,no,2016-03-27,2,Australia,Mohali,T20I
43,31,3,3,138.7,1,S Badree,lbw,lost,no,2016-03-31,1,West Indies,Wankhede,T20I
7,5,1,0,140.0,2,I Sharma,lbw,lost,no,2016-04-09,1,Supergiants,Wankhede,Twenty20
84,54,10,2,155.55,1,,not out,won,yes,2016-04-13,2,KKR,Eden Gardens,Twenty20
7,9,1,0,77.77,1,DS Kulkarni,caught,lost,no,2016-04-16,1,Guj Lions,Wankhede,Twenty20
5,8,0,0,62.5,4,,run out,lost,no,2016-04-18,1,SRH,Hyderabad,Twenty20
62,44,4,3,140.9,1,Iqbal Abdulla,caught,won,yes,2016-04-20,2,RCB,Wankhede,Twenty20
65,48,7,1,135.41,1,,run out,lost,no,2016-04-23,2,Daredevils,Delhi,Twenty20
0,2,0,0,0.0,1,Sandeep Sharma,caught,won,no,2016-04-25,1,Kings XI,Mohali,Twenty20
68,49,8,2,138.77,1,,not out,won,yes,2016-04-28,2,KKR,Wankhede,Twenty20
85,60,8,3,141.66,1,,not out,won,yes,2016-05-01,2,Supergiants,Pune,Twenty20
5,3,1,0,166.66,1,A Nehra,bowled,lost,no,2016-05-08,2,SRH,Visakhapatnam,Twenty20
25,24,3,0,104.16,1,VR Aaron,caught,won,no,2016-05-11,2,RCB,Bengaluru,Twenty20
15,24,1,0,62.5,1,AR Patel,bowled,lost,no,2016-05-13,1,Kings XI,Visakhapatnam,Twenty20
31,21,1,3,147.61,1,A Mishra,caught,won,no,2016-05-15,1,Daredevils,Visakhapatnam,Twenty20
30,17,4,2,176.47,1,DS Kulkarni,caught,lost,no,2016-05-21,1,Guj Lions,Kanpur,Twenty20
41,59,1,3,69.49,5,ML Cummins,lbw,won,no,2016-08-09,3,West Indies,Gros Islet,Test
9,23,2,0,39.13,5,AS Joseph,caught,won,no,2016-08-09,1,West Indies,Gros Islet,Test
62,28,4,4,221.42,1,KA Pollard,caught,lost,no,2016-08-27,2,West Indies,Lauderhill,T20I
10,8,0,1,125.0,1,,not out,n/r,no,2016-08-28,2,West Indies,Lauderhill,T20I
35,67,3,1,52.23,6,MJ Santner,caught,won,no,2016-09-22,1,New Zealand,Kanpur,Test
68,93,8,0,73.11,6,,not out,won,no,2016-09-22,3,New Zealand,Kanpur,Test
2,12,0,0,16.66,6,JS Patel,caught,won,no,2016-09-30,1,New Zealand,Eden Gardens,Test
82,132,9,2,62.12,6,MJ Santner,caught,won,no,2016-09-30,3,New Zealand,Eden Gardens,Test
51,63,3,2,80.95,6,,not out,won,no,2016-10-08,1,New Zealand,Indore,Test
14,26,1,1,53.84,1,DAJ Bracewell,lbw,won,no,2016-10-16,2,New Zealand,Dharamsala,ODI
15,27,1,1,55.55,1,TA Boult,caught,lost,no,2016-10-20,2,New Zealand,Delhi,ODI
13,21,2,0,61.9,1,TG Southee,lbw,won,no,2016-10-23,2,New Zealand,Mohali,ODI
11,19,2,0,57.89,2,TG Southee,caught,lost,no,2016-10-26,2,New Zealand,Ranchi,ODI
70,65,5,3,107.69,2,TA Boult,caught,won,no,2016-10-29,1,New Zealand,Visakhapatnam,ODI
3,7,0,0,42.85,3,Imran Tahir,bowled,lost,no,2017-04-06,1,Supergiant,Pune,Twenty20
2,6,0,0,33.33,4,SP Narine,lbw,won,no,2017-04-09,2,KKR,Wankhede,Twenty20
4,4,0,0,100.0,3,Rashid Khan,lbw,won,no,2017-04-12,2,SRH,Wankhede,Twenty20
0,2,0,0,0.0,3,S Badree,bowled,won,no,2017-04-14,2,RCB,Bengaluru,Twenty20
40,29,3,1,137.93,4,,not out,won,no,2017-04-16,2,Guj Lions,Wankhede,Twenty20
5,9,0,0,55.55,4,A Mishra,caught,won,no,2017-04-22,1,Daredevils,Wankhede,Twenty20
58,39,6,3,148.71,4,JD Unadkat,caught,lost,no,2017-04-24,2,Supergiant,Wankhede,Twenty20
5,13,0,0,38.46,4,JP Faulkner,caught,tied,no,2017-04-29,2,Guj Lions,Rajkot,Twenty20
56,37,6,1,151.35,4,,not out,won,yes,2017-05-01,2,RCB,Wankhede,Twenty20
10,6,1,0,166.66,4,K Rabada,caught,won,no,2017-05-06,1,Daredevils,Delhi,Twenty20
67,45,6,2,148.88,4,S Kaul,bowled,lost,no,2017-05-08,1,SRH,Hyderabad,Twenty20
5,7,0,0,71.42,4,R Tewatia,caught,lost,no,2017-05-11,2,Kings XI,Wankhede,Twenty20
27,21,4,1,128.57,3,AS Rajpoot,lbw,won,no,2017-05-13,1,KKR,Eden Gardens,Twenty20
1,2,0,0,50.0,3,Washington Sundar,lbw,lost,no,2017-05-16,2,Supergiant,Wankhede,Twenty20
26,24,1,1,108.33,4,NM Coulter-Nile,caught,won,no,2017-05-19,2,KKR,Bengaluru,Twenty20
24,22,4,0,109.09,4,A Zampa,caught,won,no,2017-05-21,1,Supergiant,Hyderabad,Twenty20
91,119,7,2,76.47,1,,run out,won,no,2017-06-04,1,Pakistan,Birmingham,ODI
78,79,6,3,98.73,1,SL Malinga,caught,lost,no,2017-06-08,1,Sri Lanka,The Oval,ODI
12,20,1,1,60.0,1,M Morkel,caught,won,no,2017-06-11,2,South Africa,The Oval,ODI
123,129,15,1,95.34,1,,not out,won,yes,2017-06-15,2,Bangladesh,Birmingham,ODI
0,3,0,0,0.0,1,Mohammad Amir,lbw,lost,no,2017-06-18,2,Pakistan,The Oval,ODI
4,13,0,0,30.76,1,,run out,won,no,2017-08-20,2,Sri Lanka,Dambulla,ODI
54,45,5,3,120.0,1,A Dananjaya,lbw,won,no,2017-08-24,2,Sri Lanka,Pallekele,ODI
124,145,16,2,85.51,1,,not out,won,no,2017-08-27,2,Sri Lanka,Pallekele,ODI
104,88,11,3,118.18,1,AD Mathews,caught,won,no,2017-08-31,1,Sri Lanka,Colombo (RPS),ODI
16,20,1,0,80.0,1,MVT Fernando,caught,won,no,2017-09-03,2,Sri Lanka,Colombo (RPS),ODI
9,8,1,0,112.5,1,SL Malinga,caught,won,no,2017-09-06,2,Sri Lanka,Colombo (RPS),T20I
28,44,3,0,63.63,2,MP Stoinis,caught,won,no,2017-09-17,1,Australia,Chennai,ODI
7,14,1,0,50.0,2,NM Coulter-Nile,caught,won,no,2017-09-21,1,Australia,Eden Gardens,ODI
71,62,6,4,114.51,2,NM Coulter-Nile,caught,won,no,2017-09-24,2,Australia,Indore,ODI
65,55,1,5,118.18,2,,run out,lost,no,2017-09-28,2,Australia,Bengaluru,ODI
125,109,11,5,114.67,2,A Zampa,caught,won,yes,2017-10-01,2,Australia,Nagpur,ODI
11,7,1,1,157.14,1,NM Coulter-Nile,bowled,won,no,2017-10-07,2,Australia,Ranchi,T20I
8,4,2,0,200.0,1,JP Behrendorff,lbw,lost,no,2017-10-10,1,Australia,Guwahati,T20I
20,18,0,2,111.11,1,TA Boult,bowled,lost,no,2017-10-22,1,New Zealand,Wankhede,ODI
7,19,1,0,36.84,1,TG Southee,caught,won,no,2017-10-25,2,New Zealand,Pune,ODI
147,138,18,2,106.52,1,MJ Santner,caught,won,yes,2017-10-29,1,New Zealand,Kanpur,ODI
80,55,6,4,145.45,1,TA Boult,caught,won,no,2017-11-01,1,New Zealand,Delhi,T20I
5,6,1,0,83.33,1,TA Boult,caught,lost,no,2017-11-04,2,New Zealand,Rajkot,T20I
8,9,1,0,88.88,1,TG Southee,caught,won,no,2017-11-07,1,New Zealand,Thiruvananthapuram,T20I
102,160,8,1,63.75,6,,not out,won,no,2017-11-24,2,Sri Lanka,Nagpur,Test
65,102,7,2,63.72,6,PADLR Sandakan,caught,draw,no,2017-12-02,1,Sri Lanka,Delhi,Test
50,49,5,0,102.04,6,,not out,draw,no,2017-12-02,3,Sri Lanka,Delhi,Test
2,13,0,0,15.38,1,RAS Lakmal,caught,lost,no,2017-12-10,1,Sri Lanka,Dharamsala,ODI
208,153,13,12,135.94,1,,not out,won,yes,2017-12-13,1,Sri Lanka,Mohali,ODI
7,14,0,1,50.0,1,A Dananjaya,bowled,won,no,2017-12-17,2,Sri Lanka,Visakhapatnam,ODI
17,13,2,0,130.76,1,AD Mathews,caught,won,no,2017-12-20,1,Sri Lanka,Cuttack,T20I
118,43,12,10,274.41,1,PVD Chameera,caught,won,yes,2017-12-22,1,Sri Lanka,Indore,T20I
27,20,4,1,135.0,1,MD Shanaka,caught,won,no,2017-12-24,2,Sri Lanka,Wankhede,T20I
10,30,0,0,33.33,5,VD Philander,bowled,lost,no,2018-01-05,4,South Africa,Cape Town,Test
11,59,1,0,18.64,5,K Rabada,lbw,lost,no,2018-01-05,2,South Africa,Cape Town,Test
10,27,2,0,37.03,5,K Rabada,lbw,lost,no,2018-01-13,2,South Africa,Centurion,Test
47,74,6,1,63.51,6,K Rabada,caught,lost,no,2018-01-13,4,South Africa,Centurion,Test
20,30,2,1,66.66,1,M Morkel,caught,won,no,2018-02-01,2,South Africa,Durban,ODI
15,17,2,1,88.23,1,K Rabada,caught,won,no,2018-02-04,2,South Africa,Centurion,ODI
0,6,0,0,0.0,1,K Rabada,caught,won,no,2018-02-07,1,South Africa,Cape Town,ODI
5,13,1,0,38.46,1,K Rabada,caught,lost,no,2018-02-10,1,South Africa,Johannesburg,ODI
115,126,11,4,91.26,2,L Ngidi,caught,won,yes,2018-02-13,1,South Africa,Gqeberha,ODI
15,13,3,0,115.38,2,L Ngidi,caught,won,no,2018-02-16,2,South Africa,Centurion,ODI
21,9,2,2,233.33,1,CJ Dala,caught,won,no,2018-02-18,1,South Africa,Johannesburg,T20I
0,1,0,0,0.0,2,CJ Dala,lbw,lost,no,2018-02-21,1,South Africa,Centurion,T20I
11,8,2,0,137.5,1,CJ Dala,lbw,won,no,2018-02-24,1,South Africa,Cape Town,T20I
0,4,0,0,0.0,1,PVD Chameera,caught,lost,no,2018-03-06,1,Sri Lanka,Colombo (RPS),T20I
17,13,3,0,130.76,1,Mustafizur Rahman,bowled,won,no,2018-03-08,2,Bangladesh,Colombo (RPS),T20I
11,7,1,1,157.14,1,A Dananjaya,caught,won,no,2018-03-12,2,Sri Lanka,Colombo (RPS),T20I
89,61,5,5,145.9,1,,run out,won,yes,2018-03-14,1,Bangladesh,Colombo (RPS),T20I
56,42,4,3,133.33,2,Nazmul Islam,caught,won,no,2018-03-18,2,Bangladesh,Colombo (RPS),T20I
15,18,1,1,83.33,1,SR Watson,caught,lost,no,2018-04-07,1,CSK,Wankhede,Twenty20
11,10,1,1,110.0,1,B Stanlake,caught,lost,no,2018-04-12,1,SRH,Hyderabad,Twenty20
18,15,2,0,120.0,4,TA Boult,caught,lost,no,2018-04-14,1,Daredevils,Wankhede,Twenty20
94,52,10,5,180.76,4,CJ Anderson,caught,won,yes,2018-04-17,1,RCB,Wankhede,Twenty20
0,1,0,0,0.0,5,,run out,lost,no,2018-04-22,1,RR,Jaipur,Twenty20
2,6,0,0,33.33,4,Shakib Al Hasan,caught,lost,no,2018-04-24,2,SRH,Wankhede,Twenty20
56,33,6,2,169.69,3,,not out,won,yes,2018-04-28,2,CSK,Pune,Twenty20
0,1,0,0,0.0,4,UT Yadav,caught,lost,no,2018-05-01,2,RCB,Bengaluru,Twenty20
24,15,1,2,160.0,5,,not out,won,no,2018-05-04,2,Kings XI,Indore,Twenty20
11,11,1,0,100.0,3,SP Narine,caught,won,no,2018-05-06,1,KKR,Wankhede,Twenty20
36,31,2,1,116.12,3,M Prasidh Krishna,caught,won,no,2018-05-09,1,KKR,Eden Gardens,Twenty20
0,1,0,0,0.0,3,JC Archer,caught,lost,no,2018-05-13,1,RR,Wankhede,Twenty20
6,10,0,0,60.0,4,AS Rajpoot,caught,won,no,2018-05-16,1,Kings XI,Wankhede,Twenty20
13,11,1,0,118.18,5,HV Patel,caught,lost,no,2018-05-20,2,Daredevils,Delhi,Twenty20
97,61,8,5,159.01,1,PKD Chase,bowled,won,no,2018-06-27,1,Ireland,Dublin (Malahide),T20I
0,2,0,0,0.0,4,KJ O'Brien,caught,won,no,2018-06-29,1,Ireland,Dublin (Malahide),T20I
32,30,3,1,106.66,2,AU Rashid,caught,won,no,2018-07-03,2,England,Manchester,T20I
5,9,1,0,55.55,1,JT Ball,caught,lost,no,2018-07-06,1,England,Cardiff,T20I
100,56,11,5,178.57,1,,not out,won,yes,2018-07-08,2,England,Bristol,T20I
137,114,15,4,120.17,1,,not out,won,no,2018-07-12,2,England,Nottingham,ODI
15,26,2,0,57.69,1,MA Wood,bowled,lost,no,2018-07-14,2,England,Lord's,ODI
2,18,0,0,11.11,1,DJ Willey,caught,lost,no,2018-07-17,1,England,Leeds,ODI
23,22,4,0,104.54,1,Ehsan Khan,caught,won,no,2018-09-18,1,Hong Kong,Dubai (DICS),ODI
52,39,6,3,133.33,1,Shadab Khan,bowled,won,no,2018-09-19,2,Pakistan,Dubai (DICS),ODI
83,104,5,3,79.8,1,,not out,won,no,2018-09-21,2,Bangladesh,Dubai (DICS),ODI
111,119,7,4,93.27,1,,not out,won,no,2018-09-23,2,Pakistan,Dubai (DICS),ODI
48,55,3,3,87.27,1,Rubel Hossain,caught,won,no,2018-09-28,2,Bangladesh,Dubai (DICS),ODI
152,117,15,8,129.91,1,,not out,won,no,2018-10-21,2,West Indies,Guwahati,ODI
4,8,1,0,50.0,1,KAJ Roach,caught,tied,no,2018-10-24,1,West Indies,Visakhapatnam,ODI
8,9,2,0,88.88,1,JO Holder,bowled,lost,no,2018-10-27,2,West Indies,Pune,ODI
162,137,20,4,118.24,1,AR Nurse,caught,won,yes,2018-10-29,1,West Indies,Brabourne,ODI
63,56,5,4,112.5,1,,not out,won,no,2018-11-01,2,West Indies,Thiruvananthapuram,ODI
6,6,1,0,100.0,1,O Thomas,caught,won,no,2018-11-04,2,West Indies,Eden Gardens,T20I
111,61,8,7,181.96,1,,not out,won,yes,2018-11-06,1,West Indies,Lucknow,T20I
4,6,1,0,66.66,2,KMA Paul,caught,won,no,2018-11-11,2,West Indies,Chennai,T20I
7,8,0,0,87.5,1,JP Behrendorff,caught,lost,no,2018-11-21,2,Australia,Brisbane,T20I
23,16,1,2,143.75,1,A Zampa,bowled,won,no,2018-11-25,2,Australia,Sydney,T20I
1,6,0,0,16.66,6,NM Lyon,caught,won,no,2018-12-06,3,Australia,Adelaide,Test
37,61,2,3,60.65,6,NM Lyon,caught,won,no,2018-12-06,1,Australia,Adelaide,Test
63,114,5,0,55.26,6,,not out,won,no,2018-12-26,1,Australia,Melbourne,Test
5,18,0,0,27.77,6,JR Hazlewood,caught,won,no,2018-12-26,3,Australia,Melbourne,Test
133,129,10,6,103.1,1,MP Stoinis,caught,lost,no,2019-01-12,2,Australia,Sydney,ODI
43,52,2,2,82.69,1,MP Stoinis,caught,won,no,2019-01-15,2,Australia,Adelaide,ODI
9,17,1,0,52.94,1,PM Siddle,caught,won,no,2019-01-18,2,Australia,Melbourne,ODI
11,24,1,0,45.83,1,DAJ Bracewell,caught,won,no,2019-01-23,2,New Zealand,Napier,ODI
87,96,9,3,90.62,1,LH Ferguson,caught,won,yes,2019-01-26,1,New Zealand,Mount Maunganui,ODI
62,77,3,2,80.51,1,MJ Santner,stumped,won,no,2019-01-28,2,New Zealand,Mount Maunganui,ODI
7,23,0,0,30.43,1,TA Boult,caught,lost,no,2019-01-31,1,New Zealand,Hamilton,ODI
2,16,0,0,12.5,1,MJ Henry,bowled,won,no,2019-02-03,1,New Zealand,Wellington,ODI
1,5,0,0,20.0,1,TG Southee,caught,lost,no,2019-02-06,2,New Zealand,Wellington,T20I
50,29,3,4,172.41,1,IS Sodhi,caught,won,no,2019-02-08,2,New Zealand,Auckland,T20I
38,32,3,0,118.75,2,DJ Mitchell,caught,lost,no,2019-02-10,2,New Zealand,Hamilton,T20I
5,8,0,0,62.5,1,JP Behrendorff,caught,lost,no,2019-02-24,1,Australia,Visakhapatnam,T20I
37,66,5,0,56.06,1,NM Coulter-Nile,caught,won,no,2019-03-02,2,Australia,Hyderabad,ODI
0,6,0,0,0.0,1,PJ Cummins,caught,won,no,2019-03-05,1,Australia,Nagpur,ODI
14,14,2,1,100.0,2,PJ Cummins,lbw,lost,no,2019-03-08,2,Australia,Ranchi,ODI
95,92,7,2,103.26,1,JA Richardson,caught,lost,no,2019-03-10,1,Australia,Mohali,ODI
56,89,4,0,62.92,1,A Zampa,stumped,lost,no,2019-03-13,2,Australia,Delhi,ODI
14,13,2,0,107.69,1,I Sharma,caught,lost,no,2019-03-24,2,DC,Wankhede,Twenty20
48,33,8,1,145.45,2,UT Yadav,caught,won,no,2019-03-28,1,RCB,Bengaluru,Twenty20
32,18,5,0,177.77,1,GC Viljoen,lbw,lost,no,2019-03-30,1,Kings XI,Mohali,Twenty20
13,18,1,0,72.22,2,RA Jadeja,caught,won,no,2019-04-03,1,CSK,Wankhede,Twenty20
11,14,0,1,78.57,1,Mohammad Nabi,caught,won,no,2019-04-06,1,SRH,Hyderabad,Twenty20
47,32,6,1,146.87,1,JC Archer,caught,lost,no,2019-04-13,1,RR,Wankhede,Twenty20
28,19,2,2,147.36,2,MM Ali,bowled,won,no,2019-04-15,2,RCB,Wankhede,Twenty20
30,22,3,1,136.36,1,A Mishra,bowled,won,no,2019-04-18,1,DC,Delhi,Twenty20
5,7,1,0,71.42,2,S Gopal,caught,lost,no,2019-04-20,1,RR,Jaipur,Twenty20
67,48,6,3,139.58,1,MJ Santner,caught,won,yes,2019-04-26,1,CSK,Chennai,Twenty20
12,9,3,0,133.33,2,HF Gurney,lbw,lost,no,2019-04-28,2,KKR,Eden Gardens,Twenty20
24,18,5,0,133.33,1,KK Ahmed,caught,tied,no,2019-05-02,1,SRH,Wankhede,Twenty20
55,48,8,0,114.58,2,,not out,won,no,2019-05-05,2,KKR,Wankhede,Twenty20
4,2,1,0,200.0,1,DL Chahar,lbw,won,no,2019-05-07,2,CSK,Chennai,Twenty20
15,14,1,1,107.14,2,DL Chahar,caught,won,no,2019-05-12,1,CSK,Hyderabad,Twenty20
122,144,13,2,84.72,2,,not out,won,yes,2019-06-05,2,South Africa,Southampton,ODI
57,70,3,1,81.42,1,NM Coulter-Nile,caught,won,no,2019-06-09,1,Australia,The Oval,ODI
140,113,14,3,123.89,2,Hasan Ali,caught,won,yes,2019-06-16,1,Pakistan,Manchester,ODI
1,10,0,0,10.0,2,Mujeeb Ur Rahman,bowled,won,no,2019-06-22,1,Afghanistan,Southampton,ODI
18,23,1,1,78.26,2,KAJ Roach,caught,won,no,2019-06-27,1,West Indies,Manchester,ODI
102,109,15,0,93.57,2,CR Woakes,caught,lost,no,2019-06-30,2,England,Birmingham,ODI
104,92,7,5,113.04,2,Soumya Sarkar,caught,won,yes,2019-07-02,1,Bangladesh,Birmingham,ODI
103,94,14,2,109.57,2,CAK Rajitha,caught,won,yes,2019-07-06,2,Sri Lanka,Leeds,ODI
1,4,0,0,25.0,2,MJ Henry,caught,lost,no,2019-07-09,2,New Zealand,Manchester,ODI
24,25,2,2,96.0,1,SP Narine,caught,won,no,2019-08-03,2,West Indies,Lauderhill,T20I
67,51,6,3,131.37,1,O Thomas,caught,won,no,2019-08-04,1,West Indies,Lauderhill,T20I
18,34,2,0,52.94,2,RL Chase,caught,won,no,2019-08-11,1,West Indies,Port of Spain,ODI
10,6,2,0,166.66,1,,run out,won,no,2019-08-14,2,West Indies,Port of Spain,ODI
12,12,0,2,100.0,1,AL Phehlukwayo,lbw,won,no,2019-09-18,2,South Africa,Mohali,T20I
9,8,2,0,112.5,2,BE Hendricks,caught,lost,no,2019-09-22,1,South Africa,Bengaluru,T20I
127,149,10,7,85.23,2,KA Maharaj,stumped,won,yes,2019-10-02,3,South Africa,Visakhapatnam,Test
176,244,23,6,72.13,2,KA Maharaj,stumped,won,yes,2019-10-02,1,South Africa,Visakhapatnam,Test
14,35,1,0,40.0,2,K Rabada,caught,won,no,2019-10-10,1,South Africa,Pune,Test
212,255,28,6,83.13,2,K Rabada,caught,won,yes,2019-10-19,1,South Africa,Ranchi,Test
9,5,2,0,180.0,1,Shafiul Islam,lbw,lost,no,2019-11-03,1,Bangladesh,Delhi,T20I
85,43,6,6,197.67,1,Aminul Islam,caught,won,yes,2019-11-07,2,Bangladesh,Rajkot,T20I
2,6,0,0,33.33,1,Shafiul Islam,bowled,won,no,2019-11-10,1,Bangladesh,Nagpur,T20I
6,14,1,0,42.85,2,Abu Jayed,caught,won,no,2019-11-14,2,Bangladesh,Indore,Test
21,35,2,1,60.0,2,Ebadot Hossain,lbw,won,no,2019-11-22,2,Bangladesh,Eden Gardens,Test
8,10,1,0,80.0,1,K Pierre,caught,won,no,2019-12-06,2,West Indies,Hyderabad,T20I
15,18,2,0,83.33,1,JO Holder,bowled,lost,no,2019-12-08,1,West Indies,Thiruvananthapuram,T20I
71,34,6,5,208.82,1,KOK Williams,caught,won,no,2019-12-11,1,West Indies,Wankhede,T20I
36,56,6,0,64.28,1,AS Joseph,caught,lost,no,2019-12-15,1,West Indies,Chennai,ODI
159,138,17,5,115.21,1,SS Cottrell,caught,won,yes,2019-12-18,1,West Indies,Visakhapatnam,ODI
63,63,8,1,100.0,1,JO Holder,caught,won,no,2019-12-22,2,West Indies,Cuttack,ODI
10,15,2,0,66.66,1,MA Starc,caught,lost,no,2020-01-14,1,Australia,Wankhede,ODI
42,44,6,0,95.45,1,A Zampa,lbw,won,no,2020-01-17,1,Australia,Rajkot,ODI
119,128,8,6,92.96,1,A Zampa,caught,won,yes,2020-01-19,2,Australia,Bengaluru,ODI
7,6,0,1,116.66,1,MJ Santner,caught,won,no,2020-01-24,2,New Zealand,Auckland,T20I
8,6,2,0,133.33,1,TG Southee,caught,won,no,2020-01-26,2,New Zealand,Auckland,T20I
65,40,6,3,162.5,1,HK Bennett,caught,tied,yes,2020-01-29,1,New Zealand,Hamilton,T20I
60,41,3,3,146.34,3,,retired notout,won,no,2020-02-02,1,New Zealand,Mount Maunganui,T20I
12,10,2,0,120.0,1,PP Chawla,caught,lost,no,2020-09-19,1,CSK,Abu Dhabi,Twenty20
80,54,3,6,148.14,2,Shivam Mavi,caught,won,yes,2020-09-23,1,KKR,Abu Dhabi,Twenty20
8,8,0,1,100.0,1,Washington Sundar,caught,tied,no,2020-09-28,2,RCB,Dubai (DICS),Twenty20
70,45,8,3,155.55,2,Mohammed Shami,caught,won,no,2020-10-01,1,Kings XI,Abu Dhabi,Twenty20
6,5,0,1,120.0,1,Sandeep Sharma,caught,won,no,2020-10-04,1,SRH,Sharjah,Twenty20
35,23,2,3,152.17,2,S Gopal,caught,won,no,2020-10-06,1,RR,Abu Dhabi,Twenty20
5,12,0,0,41.66,1,AR Patel,caught,won,no,2020-10-11,2,DC,Abu Dhabi,Twenty20
35,36,5,1,97.22,1,Shivam Mavi,caught,won,no,2020-10-16,2,KKR,Abu Dhabi,Twenty20
9,8,2,0,112.5,1,Arshdeep Singh,bowled,tied,no,2020-10-18,1,Kings XI,Dubai (DICS),Twenty20
4,7,0,0,57.14,1,Sandeep Sharma,caught,lost,no,2020-11-03,1,SRH,Sharjah,Twenty20
0,1,0,0,0.0,2,R Ashwin,lbw,won,no,2020-11-05,1,DC,Dubai (DICS),Twenty20
68,51,5,4,133.33,1,A Nortje,caught,won,no,2020-11-10,2,DC,Dubai (DICS),Twenty20
26,77,3,1,33.76,1,JR Hazlewood,caught,draw,no,2021-01-07,2,Australia,Sydney,Test
52,98,5,1,53.06,1,PJ Cummins,caught,draw,no,2021-01-07,4,Australia,Sydney,Test
44,74,6,0,59.45,1,NM Lyon,caught,won,no,2021-01-15,2,Australia,Brisbane,Test
7,21,1,0,33.33,1,PJ Cummins,caught,won,no,2021-01-15,4,Australia,Brisbane,Test
12,20,1,1,60.0,1,MJ Leach,bowled,lost,no,2021-02-05,4,England,Chennai,Test
6,9,1,0,66.66,1,JC Archer,caught,lost,no,2021-02-05,2,England,Chennai,Test
26,70,2,1,37.14,1,MJ Leach,stumped,won,no,2021-02-13,3,England,Chennai,Test
161,231,18,2,69.69,1,MJ Leach,caught,won,no,2021-02-13,1,England,Chennai,Test
25,25,3,1,100.0,1,,not out,won,no,2021-02-24,4,England,Ahmedabad,Test
66,96,11,0,68.75,1,MJ Leach,lbw,won,no,2021-02-24,2,England,Ahmedabad,Test
49,144,7,0,34.02,2,BA Stokes,lbw,won,no,2021-03-04,2,England,Ahmedabad,Test
15,17,2,0,88.23,1,MA Wood,caught,lost,no,2021-03-16,1,England,Ahmedabad,T20I
12,12,1,1,100.0,1,JC Archer,caught,won,no,2021-03-18,1,England,Ahmedabad,T20I
64,34,4,5,188.23,1,BA Stokes,bowled,won,no,2021-03-20,1,England,Ahmedabad,T20I
28,42,4,0,66.66,1,BA Stokes,caught,won,no,2021-03-23,1,England,Pune,ODI
25,25,5,0,100.0,1,SM Curran,caught,lost,no,2021-03-26,1,England,Pune,ODI
37,37,6,0,100.0,1,AU Rashid,bowled,won,no,2021-03-28,1,England,Pune,ODI
19,15,1,1,126.66,1,,run out,lost,no,2021-04-09,1,RCB,Chennai,Twenty20
43,32,3,1,134.37,1,PJ Cummins,bowled,won,no,2021-04-13,1,KKR,Chennai,Twenty20
32,25,2,2,128.0,2,V Shankar,caught,won,no,2021-04-17,1,SRH,Chennai,Twenty20
44,30,3,3,146.66,1,A Mishra,caught,lost,no,2021-04-20,1,DC,Chennai,Twenty20
63,52,5,2,121.15,2,Mohammed Shami,caught,lost,no,2021-04-23,1,Punjab Kings,Chennai,Twenty20
14,17,0,1,82.35,1,CH Morris,caught,won,no,2021-04-29,2,RR,Delhi,Twenty20
35,24,4,1,145.83,2,SN Thakur,caught,won,no,2021-05-01,2,CSK,Delhi,Twenty20
30,81,2,0,37.03,1,TG Southee,lbw,lost,no,2021-06-18,3,New Zealand,Southampton,Test
34,68,6,0,50.0,1,KA Jamieson,caught,lost,no,2021-06-18,1,New Zealand,Southampton,Test
12,34,0,0,35.29,2,,not out,draw,no,2021-08-04,4,England,Nottingham,Test
36,107,6,0,33.64,1,OE Robinson,caught,draw,no,2021-08-04,2,England,Nottingham,Test
21,36,2,1,58.33,2,MA Wood,caught,won,no,2021-08-12,3,England,Lord's,Test
83,145,11,1,57.24,1,JM Anderson,bowled,won,no,2021-08-12,1,England,Lord's,Test
19,105,1,0,18.09,1,C Overton,caught,lost,no,2021-08-25,1,England,Leeds,Test
59,156,7,1,37.82,1,OE Robinson,lbw,lost,no,2021-08-25,3,England,Leeds,Test
11,27,1,0,40.74,1,CR Woakes,caught,won,yes,2021-09-02,1,England,The Oval,Test
127,256,14,1,49.6,1,OE Robinson,caught,won,yes,2021-09-02,3,England,The Oval,Test
33,30,4,0,110.0,1,SP Narine,caught,lost,no,2021-09-23,1,KKR,Abu Dhabi,Twenty20
43,28,5,1,153.57,1,GJ Maxwell,caught,lost,no,2021-09-26,2,RCB,Dubai (DICS),Twenty20
8,10,1,0,80.0,1,Ravi Bishnoi,caught,won,no,2021-09-28,2,Punjab Kings,Abu Dhabi,Twenty20
7,10,1,0,70.0,1,Avesh Khan,caught,lost,no,2021-10-02,1,DC,Sharjah,Twenty20
22,13,1,2,169.23,1,C Sakariya,caught,won,no,2021-10-05,2,RR,Sharjah,Twenty20
18,13,3,0,138.46,1,Rashid Khan,caught,won,no,2021-10-08,1,SRH,Abu Dhabi,Twenty20
0,1,0,0,0.0,2,Shaheen Shah Afridi,lbw,lost,no,2021-10-24,1,Pakistan,Dubai (DICS),T20I
14,14,1,1,100.0,3,IS Sodhi,caught,lost,no,2021-10-31,1,New Zealand,Dubai (DICS),T20I
74,47,8,3,157.44,2,Karim Janat,caught,won,yes,2021-11-03,1,Afghanistan,Abu Dhabi,T20I
30,16,5,1,187.5,2,BTJ Wheal,lbw,won,no,2021-11-05,2,Scotland,Dubai (DICS),T20I
56,37,7,2,151.35,2,JN Frylinck,caught,won,no,2021-11-08,2,Namibia,Dubai (DICS),T20I
48,36,5,2,133.33,2,TA Boult,caught,won,no,2021-11-17,2,New Zealand,Jaipur,T20I
55,36,1,5,152.77,2,TG Southee,caught,won,no,2021-11-19,2,New Zealand,Ranchi,T20I
56,31,5,3,180.64,1,IS Sodhi,caught,won,no,2021-11-21,1,New Zealand,Eden Gardens,T20I
60,51,10,1,117.64,1,AS Joseph,lbw,won,no,2022-02-06,2,West Indies,Ahmedabad,ODI
5,8,0,0,62.5,1,KAJ Roach,caught,won,no,2022-02-09,1,West Indies,Ahmedabad,ODI
13,15,3,0,86.66,1,AS Joseph,bowled,won,no,2022-02-11,1,West Indies,Ahmedabad,ODI
40,19,4,3,210.52,1,RL Chase,caught,won,no,2022-02-16,2,West Indies,Eden Gardens,T20I
19,18,2,1,105.55,1,RL Chase,caught,won,no,2022-02-18,1,West Indies,Eden Gardens,T20I
7,15,0,0,46.66,4,DC Drakes,bowled,won,no,2022-02-20,1,West Indies,Eden Gardens,T20I
44,32,2,1,137.5,1,CBRLS Kumara,bowled,won,no,2022-02-24,1,Sri Lanka,Lucknow,T20I
1,2,0,0,50.0,1,PVD Chameera,bowled,won,no,2022-02-26,2,Sri Lanka,Dharamsala,T20I
5,9,1,0,55.55,2,PVD Chameera,caught,won,no,2022-02-27,2,Sri Lanka,Dharamsala,T20I
29,28,6,0,103.57,2,CBRLS Kumara,caught,won,no,2022-03-04,1,Sri Lanka,Mohali,Test
46,79,4,0,58.22,2,DM de Silva,caught,won,no,2022-03-12,3,Sri Lanka,Bengaluru,Test
15,25,1,1,60.0,2,L Embuldeniya,caught,won,no,2022-03-12,1,Sri Lanka,Bengaluru,Test
41,32,4,2,128.12,1,Kuldeep Yadav,caught,lost,no,2022-03-27,1,DC,Brabourne,Twenty20
10,5,0,1,200.0,2,M Prasidh Krishna,caught,lost,no,2022-04-02,2,RR,DY Patil,Twenty20
3,12,0,0,25.0,1,UT Yadav,caught,lost,no,2022-04-06,1,KKR,Pune,Twenty20
26,15,4,1,173.33,2,HV Patel,caught,lost,no,2022-04-09,1,RCB,Pune,Twenty20
28,17,3,2,164.7,1,K Rabada,caught,lost,no,2022-04-13,2,Punjab Kings,Pune,Twenty20
6,7,1,0,85.71,2,Avesh Khan,caught,lost,no,2022-04-16,2,LSG,Brabourne,Twenty20
0,2,0,0,0.0,1,Mukesh Choudhary,caught,lost,no,2022-04-21,1,CSK,DY Patil,Twenty20
39,31,5,1,125.8,2,KH Pandya,caught,lost,no,2022-04-24,2,LSG,Wankhede,Twenty20
2,5,0,0,40.0,1,R Ashwin,caught,won,no,2022-04-30,2,RR,DY Patil,Twenty20
43,28,5,2,153.57,2,Rashid Khan,lbw,won,no,2022-05-06,1,GT,Brabourne,Twenty20
2,6,0,0,33.33,1,TG Southee,caught,lost,no,2022-05-09,2,KKR,DY Patil,Twenty20
18,14,4,0,128.57,2,Simarjeet Singh,caught,won,no,2022-05-12,2,CSK,Wankhede,Twenty20
48,36,2,4,133.33,1,Washington Sundar,caught,lost,no,2022-05-17,2,SRH,Wankhede,Twenty20
2,13,0,0,15.38,2,A Nortje,caught,won,no,2022-05-21,2,DC,Wankhede,Twenty20
24,14,5,0,171.42,1,MM Ali,caught,won,no,2022-07-07,1,England,Southampton,T20I
31,20,3,2,155.0,1,RJ Gleeson,caught,won,no,2022-07-09,1,England,Birmingham,T20I
11,12,2,0,91.66,1,RJW Topley,caught,lost,no,2022-07-10,2,England,Nottingham,T20I
76,58,7,5,131.03,1,,not out,won,no,2022-07-12,2,England,The Oval,ODI
0,10,0,0,0.0,1,RJW Topley,lbw,lost,no,2022-07-14,2,England,Lord's,ODI
17,17,4,0,100.0,1,RJW Topley,caught,won,no,2022-07-17,2,England,Manchester,ODI
64,44,7,2,145.45,1,JO Holder,caught,won,no,2022-07-29,1,West Indies,Tarouba,T20I
0,1,0,0,0.0,1,OC McCoy,caught,lost,no,2022-08-01,1,West Indies,Basseterre,T20I
11,5,1,1,220.0,1,,retired notout,won,no,2022-08-02,2,West Indies,Basseterre,T20I
33,16,2,3,206.25,1,AJ Hosein,bowled,won,no,2022-08-06,1,West Indies,Lauderhill,T20I
12,18,0,1,66.66,1,Mohammad Nawaz (3),caught,won,no,2022-08-28,2,Pakistan,Dubai (DICS),T20I
21,13,2,1,161.53,2,A Shukla,caught,won,no,2022-08-31,1,Hong Kong,Dubai (DICS),T20I
28,16,3,2,175.0,2,Haris Rauf,caught,lost,no,2022-09-04,1,Pakistan,Dubai (DICS),T20I
72,41,5,4,175.6,2,C Karunaratne,caught,lost,no,2022-09-06,1,Sri Lanka,Dubai (DICS),T20I
11,9,1,1,122.22,2,JR Hazlewood,caught,lost,no,2022-09-20,1,Australia,Mohali,T20I
46,20,4,4,230.0,2,,not out,won,yes,2022-09-23,2,Australia,Nagpur,T20I
17,14,2,1,121.42,2,PJ Cummins,caught,won,no,2022-09-25,2,Australia,Hyderabad,T20I
0,2,0,0,0.0,2,K Rabada,caught,won,no,2022-09-28,2,South Africa,Thiruvananthapuram,T20I
43,37,7,1,116.21,2,KA Maharaj,caught,won,no,2022-10-02,1,South Africa,Guwahati,T20I
0,2,0,0,0.0,1,K Rabada,bowled,lost,no,2022-10-04,2,South Africa,Indore,T20I
4,7,0,0,57.14,2,Haris Rauf,caught,won,no,2022-10-23,2,Pakistan,Melbourne,T20I
53,39,4,3,135.89,2,FJ Klaassen,caught,won,no,2022-10-27,1,Netherlands,Sydney,T20I
15,14,1,1,107.14,2,L Ngidi,caught,lost,no,2022-10-30,1,South Africa,Perth,T20I
2,8,0,0,25.0,2,Hasan Mahmud,caught,won,no,2022-11-02,1,Bangladesh,Adelaide,T20I
15,13,2,0,115.38,2,B Muzarabani,caught,won,no,2022-11-06,1,Zimbabwe,Melbourne,T20I
27,28,4,0,96.42,2,CJ Jordan,caught,lost,no,2022-11-10,1,England,Adelaide,T20I
27,31,4,1,87.09,1,Shakib Al Hasan,bowled,lost,no,2022-12-04,1,Bangladesh,Mirpur,ODI
51,28,3,5,182.14,9,,not out,lost,no,2022-12-07,2,Bangladesh,Mirpur,ODI
83,67,9,3,123.88,1,D Madushanka,bowled,won,no,2023-01-10,1,Sri Lanka,Guwahati,ODI
17,21,2,1,80.95,1,C Karunaratne,caught,won,no,2023-01-12,2,Sri Lanka,Eden Gardens,ODI
42,49,2,3,85.71,1,C Karunaratne,caught,won,no,2023-01-15,1,Sri Lanka,Thiruvananthapuram,ODI
34,38,4,2,89.47,1,BM Tickner,caught,won,no,2023-01-18,1,New Zealand,Hyderabad,ODI
51,50,7,2,102.0,1,HB Shipley,lbw,won,no,2023-01-21,2,New Zealand,Raipur,ODI
101,85,9,6,118.82,1,MG Bracewell,bowled,won,no,2023-01-24,1,New Zealand,Indore,ODI
120,212,15,2,56.6,1,PJ Cummins,bowled,won,no,2023-02-09,2,Australia,Nagpur,Test
31,20,3,2,155.0,1,,run out,won,no,2023-02-17,4,Australia,Delhi,Test
32,69,2,0,46.37,1,NM Lyon,bowled,won,no,2023-02-17,2,Australia,Delhi,Test
12,33,0,0,36.36,1,NM Lyon,lbw,lost,no,2023-03-01,3,Australia,Indore,Test
12,23,3,0,52.17,1,MP Kuhnemann,stumped,lost,no,2023-03-01,1,Australia,Indore,Test
35,58,3,1,60.34,1,MP Kuhnemann,caught,draw,no,2023-03-09,2,Australia,Ahmedabad,Test
13,15,2,0,86.66,1,MA Starc,caught,lost,no,2023-03-19,1,Australia,Visakhapatnam,ODI
30,17,2,2,176.47,1,SA Abbott,caught,lost,no,2023-03-22,2,Australia,Chennai,ODI
1,10,0,0,10.0,1,Akash Deep,caught,lost,no,2023-04-02,1,RCB,Bengaluru,Twenty20
21,13,3,1,161.53,1,TU Deshpande,bowled,lost,no,2023-04-08,1,CSK,Wankhede,Twenty20
65,45,6,4,144.44,1,Mustafizur Rahman,caught,won,yes,2023-04-11,2,DC,Delhi,Twenty20
20,13,1,2,153.84,1,Suyash Sharma,caught,won,no,2023-04-16,2,KKR,Wankhede,Twenty20
28,18,6,0,155.55,1,T Natarajan,caught,won,no,2023-04-18,1,SRH,Hyderabad,Twenty20
44,27,4,3,162.96,1,LS Livingstone,caught,lost,no,2023-04-22,2,Punjab Kings,Wankhede,Twenty20
2,8,0,0,25.0,1,HH Pandya,caught,lost,no,2023-04-25,2,GT,Ahmedabad,Twenty20
3,5,0,0,60.0,1,Sandeep Sharma,bowled,won,no,2023-04-30,2,RR,Wankhede,Twenty20
0,3,0,0,0.0,1,R Dhawan,caught,won,no,2023-05-03,2,Punjab Kings,Mohali,Twenty20
0,3,0,0,0.0,3,DL Chahar,caught,lost,no,2023-05-06,1,CSK,Chennai,Twenty20
7,8,1,0,87.5,2,PW Hasaranga,lbw,won,no,2023-05-09,2,RCB,Wankhede,Twenty20
29,18,3,2,161.11,2,Rashid Khan,caught,won,no,2023-05-12,1,GT,Wankhede,Twenty20
37,25,1,3,148.0,2,Ravi Bishnoi,caught,lost,no,2023-05-16,2,LSG,Lucknow,Twenty20
56,37,8,1,151.35,2,MJ Dagar,caught,won,no,2023-05-21,2,SRH,Wankhede,Twenty20
11,10,1,1,110.0,2,Naveen-ul-Haq,caught,won,no,2023-05-24,1,LSG,Chennai,Twenty20
8,7,1,0,114.28,1,Mohammed Shami,caught,lost,no,2023-05-26,2,GT,Ahmedabad,Twenty20
15,26,2,0,57.69,1,PJ Cummins,lbw,lost,no,2023-06-07,2,Australia,The Oval,Test
43,60,7,1,71.66,1,NM Lyon,lbw,lost,no,2023-06-07,4,Australia,The Oval,Test
103,221,10,2,46.6,2,A Athanaze,caught,won,no,2023-07-12,2,West Indies,Roseau,Test
80,143,9,2,55.94,2,JA Warrican,bowled,draw,no,2023-07-20,1,West Indies,Port of Spain,Test
57,44,5,3,129.54,2,ST Gabriel,caught,draw,no,2023-07-20,3,West Indies,Port of Spain,Test
12,19,2,0,63.15,7,,not out,won,no,2023-07-27,2,West Indies,Bridgetown,ODI
11,22,2,0,50.0,1,Shaheen Shah Afridi,bowled,n/r,no,2023-09-02,1,Pakistan,Pallekele,ODI
74,59,6,5,125.42,1,,not out,won,yes,2023-09-04,2,Nepal,Pallekele,ODI
56,49,6,4,114.28,1,Shadab Khan,caught,won,no,2023-09-10,1,Pakistan,Colombo (RPS),ODI
53,48,7,2,110.41,1,DN Wellalage,bowled,won,no,2023-09-12,1,Sri Lanka,Colombo (RPS),ODI
0,2,0,0,0.0,1,Tanzim Hasan Sakib,caught,lost,no,2023-09-15,2,Bangladesh,Colombo (RPS),ODI
81,57,5,6,142.1,1,GJ Maxwell,caught,lost,no,2023-09-27,2,Australia,Rajkot,ODI
0,6,0,0,0.0,1,JR Hazlewood,lbw,won,no,2023-10-08,2,Australia,Chennai,ODI
131,84,16,5,155.95,1,Rashid Khan,bowled,won,yes,2023-10-11,2,Afghanistan,Delhi,ODI
86,63,6,6,136.5,1,Shaheen Shah Afridi,caught,won,no,2023-10-14,2,Pakistan,Ahmedabad,ODI
48,40,7,2,120.0,1,Hasan Mahmud,caught,won,no,2023-10-19,2,Bangladesh,Pune,ODI
46,40,4,4,115.0,1,LH Ferguson,bowled,won,no,2023-10-22,2,New Zealand,Dharamsala,ODI
87,101,10,3,86.13,1,AU Rashid,caught,won,yes,2023-10-29,1,England,Lucknow,ODI
4,2,1,0,200.0,1,D Madushanka,bowled,won,no,2023-11-02,1,Sri Lanka,Wankhede,ODI
40,24,6,2,166.66,1,K Rabada,caught,won,no,2023-11-05,1,South Africa,Eden Gardens,ODI
61,54,8,2,112.96,1,BFW de Leede,caught,won,no,2023-11-12,1,Netherlands,Bengaluru,ODI
47,29,4,4,162.06,1,TG Southee,caught,won,no,2023-11-15,1,New Zealand,Wankhede,ODI
47,31,4,3,151.61,1,GJ Maxwell,caught,lost,no,2023-11-19,1,Australia,Ahmedabad,ODI
0,8,0,0,0.0,2,K Rabada,bowled,lost,no,2023-12-26,3,South Africa,Centurion,Test
5,14,1,0,35.71,2,K Rabada,caught,lost,no,2023-12-26,1,South Africa,Centurion,Test
39,50,7,0,78.0,2,N Burger,caught,won,no,2024-01-03,2,South Africa,Cape Town,Test
16,22,2,0,72.72,2,,not out,won,no,2024-01-03,4,South Africa,Cape Town,Test
0,2,0,0,0.0,1,,run out,won,no,2024-01-11,2,Afghanistan,Mohali,T20I
0,1,0,0,0.0,2,Fazalhaq Farooqi,bowled,won,no,2024-01-14,2,Afghanistan,Indore,T20I
121,69,11,8,175.36,2,,not out,tied,yes,2024-01-17,1,Afghanistan,Bengaluru,T20I
24,27,3,0,88.88,2,MJ Leach,caught,lost,no,2024-01-25,2,England,Hyderabad,Test
39,58,7,0,67.24,1,TW Hartley,lbw,lost,no,2024-01-25,4,England,Hyderabad,Test
14,41,0,0,34.14,2,Shoaib Bashir,caught,won,no,2024-02-02,1,England,Visakhapatnam,Test
13,21,3,0,61.9,2,JM Anderson,bowled,won,no,2024-02-02,3,England,Visakhapatnam,Test
131,196,14,3,66.83,2,MA Wood,caught,won,no,2024-02-15,1,England,Rajkot,Test
19,28,3,0,67.85,2,JE Root,lbw,won,no,2024-02-15,3,England,Rajkot,Test
55,81,5,1,67.9,1,TW Hartley,caught,won,no,2024-02-23,4,England,Ranchi,Test
2,9,0,0,22.22,2,JM Anderson,caught,won,no,2024-02-23,2,England,Ranchi,Test
103,162,13,3,63.58,2,BA Stokes,bowled,won,no,2024-03-07,2,England,Dharamsala,Test
43,29,7,1,148.27,2,R Sai Kishore,lbw,lost,no,2024-03-24,2,GT,Ahmedabad,Twenty20
26,12,1,3,216.66,1,PJ Cummins,caught,lost,no,2024-03-27,2,SRH,Hyderabad,Twenty20
0,1,0,0,0.0,2,TA Boult,caught,lost,no,2024-04-01,1,RR,Wankhede,Twenty20
49,27,6,3,181.48,1,AR Patel,bowled,won,no,2024-04-07,1,DC,Wankhede,Twenty20
38,24,3,3,158.33,2,WG Jacks,caught,won,no,2024-04-11,2,RCB,Wankhede,Twenty20
105,63,11,5,166.66,1,,not out,lost,no,2024-04-14,2,CSK,Wankhede,Twenty20
36,25,2,3,144.0,2,SM Curran,caught,won,no,2024-04-18,1,Punjab Kings,New Chandigarh,Twenty20
6,5,1,0,120.0,1,TA Boult,caught,lost,no,2024-04-22,1,RR,Jaipur,Twenty20
8,8,1,0,100.0,2,KK Ahmed,caught,lost,no,2024-04-27,2,DC,Delhi,Twenty20
4,5,1,0,80.0,2,Mohsin Khan,caught,lost,no,2024-04-30,1,LSG,Lucknow,Twenty20
11,12,0,1,91.66,2,SP Narine,caught,lost,no,2024-05-03,2,KKR,Wankhede,Twenty20
4,5,1,0,80.0,2,PJ Cummins,caught,won,no,2024-05-06,2,SRH,Wankhede,Twenty20
19,24,1,1,79.16,2,CV Varun,caught,lost,no,2024-05-11,2,KKR,Eden Gardens,Twenty20
68,38,10,3,178.94,1,Ravi Bishnoi,caught,lost,no,2024-05-17,2,LSG,Wankhede,Twenty20
52,37,4,3,140.54,1,,retired notout,won,no,2024-06-05,2,Ireland,New York,T20I
13,12,1,1,108.33,1,Shaheen Shah Afridi,caught,won,no,2024-06-09,1,Pakistan,New York,T20I
3,6,0,0,50.0,1,SN Netravalkar,caught,won,no,2024-06-12,2,U.S.A.,New York,T20I
8,13,1,0,61.53,1,Fazalhaq Farooqi,caught,won,no,2024-06-20,1,Afghanistan,Bridgetown,T20I
23,11,3,1,209.09,1,Shakib Al Hasan,caught,won,no,2024-06-22,1,Bangladesh,North Sound,T20I
92,41,7,8,224.39,1,MA Starc,bowled,won,yes,2024-06-24,1,Australia,Gros Islet,T20I
57,39,6,2,146.15,1,AU Rashid,bowled,won,no,2024-06-27,1,England,Providence,T20I
9,5,2,0,180.0,1,KA Maharaj,caught,won,no,2024-06-29,1,South Africa,Bridgetown,T20I
58,47,7,3,123.4,1,DN Wellalage,lbw,tied,no,2024-08-02,2,Sri Lanka,Colombo (RPS),ODI
64,44,5,4,145.45,1,JDF Vandersay,caught,lost,no,2024-08-04,2,Sri Lanka,Colombo (RPS),ODI
35,20,6,1,175.0,1,DN Wellalage,caught,lost,no,2024-08-07,2,Sri Lanka,Colombo (RPS),ODI
5,7,1,0,71.42,2,Taskin Ahmed,caught,won,no,2024-09-19,3,Bangladesh,Chennai,Test
6,19,1,0,31.57,2,Hasan Mahmud,caught,won,no,2024-09-19,1,Bangladesh,Chennai,Test
8,7,1,0,114.28,1,Mehidy Hasan Miraz,caught,won,no,2024-09-27,4,Bangladesh,Kanpur,Test
23,11,1,3,209.09,2,Mehidy Hasan Miraz,bowled,won,no,2024-09-27,2,Bangladesh,Kanpur,Test
2,16,0,0,12.5,2,TG Southee,bowled,lost,no,2024-10-16,1,New Zealand,Bengaluru,Test
52,63,8,1,82.53,2,AY Patel,bowled,lost,no,2024-10-16,3,New Zealand,Bengaluru,Test
8,16,1,0,50.0,2,MJ Santner,caught,lost,no,2024-10-24,4,New Zealand,Pune,Test
0,9,0,0,0.0,2,TG Southee,bowled,lost,no,2024-10-24,2,New Zealand,Pune,Test
18,18,3,0,100.0,2,MJ Henry,caught,lost,no,2024-11-01,2,New Zealand,Wankhede,Test
11,11,2,0,100.0,2,MJ Henry,caught,lost,no,2024-11-01,4,New Zealand,Wankhede,Test
3,23,0,0,13.04,6,SM Boland,lbw,lost,no,2024-12-06,1,Australia,Adelaide,Test
6,15,1,0,40.0,6,PJ Cummins,bowled,lost,no,2024-12-06,3,Australia,Adelaide,Test
10,27,2,0,37.03,6,PJ Cummins,caught,draw,no,2024-12-14,2,Australia,Brisbane,Test
3,5,0,0,60.0,2,PJ Cummins,caught,lost,no,2024-12-26,2,Australia,Melbourne,Test
9,40,0,0,22.5,2,PJ Cummins,caught,lost,no,2024-12-26,4,Australia,Melbourne,Test
2,7,0,0,28.57,2,S Mahmood,caught,won,no,2025-02-06,2,England,Nagpur,ODI
119,90,12,7,132.22,1,LS Livingstone,caught,won,yes,2025-02-09,2,England,Cuttack,ODI
1,2,0,0,50.0,1,MA Wood,caught,won,no,2025-02-12,1,England,Ahmedabad,ODI
41,36,7,0,113.88,1,Taskin Ahmed,caught,won,no,2025-02-20,2,Bangladesh,Dubai (DICS),ODI
20,15,3,1,133.33,1,Shaheen Shah Afridi,bowled,won,no,2025-02-23,2,Pakistan,Dubai (DICS),ODI
15,17,1,1,88.23,1,KA Jamieson,caught,won,no,2025-03-02,1,New Zealand,Dubai (DICS),ODI
28,29,3,1,96.55,1,C Connolly,lbw,won,no,2025-03-04,2,Australia,Dubai (DICS),ODI
76,83,7,3,91.56,1,R Ravindra,stumped,won,yes,2025-03-09,2,New Zealand,Dubai (DICS),ODI
0,4,0,0,0.0,1,KK Ahmed,caught,lost,no,2025-03-23,1,CSK,Chennai,Twenty20
8,4,2,0,200.0,1,Mohammed Siraj,bowled,lost,no,2025-03-29,2,GT,Ahmedabad,Twenty20
13,12,0,1,108.33,1,AD Russell,caught,won,no,2025-03-31,2,KKR,Wankhede,Twenty20
17,9,2,1,188.88,1,Yash Dayal,bowled,lost,no,2025-04-07,2,RCB,Wankhede,Twenty20
18,12,2,1,150.0,1,V Nigam,lbw,won,no,2025-04-13,1,DC,Delhi,Twenty20
26,16,0,3,162.5,2,PJ Cummins,caught,won,no,2025-04-17,2,SRH,Wankhede,Twenty20
76,45,4,6,168.88,2,,not out,won,yes,2025-04-20,2,CSK,Wankhede,Twenty20
70,46,8,3,152.17,2,E Malinga,caught,won,no,2025-04-23,2,SRH,Hyderabad,Twenty20
12,5,0,2,240.0,2,MP Yadav,caught,won,no,2025-04-27,1,LSG,Wankhede,Twenty20
53,36,9,0,147.22,2,R Parag,caught,won,no,2025-05-01,1,RR,Jaipur,Twenty20
7,8,1,0,87.5,2,Arshad Khan,caught,lost,no,2025-05-06,1,GT,Wankhede,Twenty20
5,5,1,0,100.0,2,Mustafizur Rahman,caught,won,no,2025-05-21,1,DC,Wankhede,Twenty20
24,21,2,1,114.28,2,Harpreet Brar,caught,lost,no,2025-05-26,1,Punjab Kings,Jaipur,Twenty20
81,50,9,4,162.0,1,M Prasidh Krishna,caught,won,yes,2025-05-30,1,GT,New Chandigarh,Twenty20
8,7,1,0,114.28,1,MP Stoinis,caught,lost,no,2025-06-01,1,Punjab Kings,Ahmedabad,Twenty20
