Runs,Mins,BF,4s,6s,SR,Pos,Dismissal,Inns,Opposition,Ground,Start Date,format,match_id
177,370,301,23,1,58.80,6,lbw,2,v West Indies,Eden Gardens,6 Nov 2013,Test # 2101,676525
111*,181,127,11,3,87.40,6,not out,2,v West Indies,Wankhede,14 Nov 2013,Test # 2102,676527
14,46,42,1,0,33.33,5,caught,1,v South Africa,Johannesburg,18 Dec 2013,Test # 2108,648665
6,19,13,1,0,46.15,5,bowled,3,v South Africa,Johannesburg,18 Dec 2013,Test # 2108,648665
0,2,1,0,0,0.00,5,bowled,1,v South Africa,Durban,26 Dec 2013,Test # 2111,648667
25,69,46,2,1,54.34,5,lbw,3,v South Africa,Durban,26 Dec 2013,Test # 2111,648667
72,167,120,8,1,60.00,5,bowled,2,v New Zealand,Auckland,6 Feb 2014,Test # 2118,667651
19,90,59,2,0,32.20,5,caught,4,v New Zealand,Auckland,6 Feb 2014,Test # 2118,667651
0,11,3,0,0,0.00,6,bowled,2,v New Zealand,Wellington,14 Feb 2014,Test # 2120,667653
31*,122,97,4,0,31.95,5,not out,4,v New Zealand,Wellington,14 Feb 2014,Test # 2120,667653
28,81,61,3,0,45.90,6,caught,2,v England,Southampton,27 Jul 2014,Test # 2132,667715
6,39,28,0,0,21.42,6,caught,4,v England,Southampton,27 Jul 2014,Test # 2132,667715
43,142,89,5,0,48.31,6,caught,2,v Australia,Adelaide,9 Dec 2014,Test # 2148,754737
6,37,18,1,0,33.33,6,caught,4,v Australia,Adelaide,9 Dec 2014,Test # 2148,754737
32,93,55,3,1,58.18,6,caught,1,v Australia,Brisbane,17 Dec 2014,Test # 2149,754739
0,2,2,0,0,0.00,6,caught,3,v Australia,Brisbane,17 Dec 2014,Test # 2149,754739
53,179,133,5,2,39.84,3,bowled,2,v Australia,Sydney,6 Jan 2015,Test # 2156,754743
39,102,90,2,2,43.33,3,caught,4,v Australia,Sydney,6 Jan 2015,Test # 2156,754743
6,11,9,1,0,66.66,3,bowled,1,v Bangladesh,Fatullah,10 Jun 2015,Test # 2165,870729
9,33,24,1,0,37.50,3,lbw,2,v Sri Lanka,Galle,12 Aug 2015,Test # 2176,895773
4,16,16,1,0,25.00,4,bowled,4,v Sri Lanka,Galle,12 Aug 2015,Test # 2176,895773
79,185,132,5,3,59.84,5,lbw,1,v Sri Lanka,Colombo (PSS),20 Aug 2015,Test # 2177,895775
34,100,55,2,0,61.81,5,caught,3,v Sri Lanka,Colombo (PSS),20 Aug 2015,Test # 2177,895775
26,95,65,3,1,40.00,5,caught,1,v Sri Lanka,Colombo (SSC),28 Aug 2015,Test # 2179,895777
50,131,72,4,1,69.44,5,caught,3,v Sri Lanka,Colombo (SSC),28 Aug 2015,Test # 2179,895777
2,41,28,0,0,7.14,6,caught,1,v South Africa,Nagpur,25 Nov 2015,Test # 2189,903607
23,77,39,1,1,58.97,6,caught,3,v South Africa,Nagpur,25 Nov 2015,Test # 2189,903607
1,15,6,0,0,16.66,6,caught,1,v South Africa,Delhi,3 Dec 2015,Test # 2191,903609
0,7,1,0,0,0.00,3,bowled,3,v South Africa,Delhi,3 Dec 2015,Test # 2191,903609
9,30,23,2,0,39.13,5,caught,1,v West Indies,Gros Islet,9 Aug 2016,Test # 2215,1022597
41,74,59,1,3,69.49,5,lbw,3,v West Indies,Gros Islet,9 Aug 2016,Test # 2215,1022597
TDNB,-,-,-,-,-,-,-,-,v West Indies,Port of Spain,18 Aug 2016,Test # 2218,1022599
35,96,67,3,1,52.23,6,caught,1,v New Zealand,Kanpur,22 Sep 2016,Test # 2221,1030213
68*,156,93,8,0,73.11,6,not out,3,v New Zealand,Kanpur,22 Sep 2016,Test # 2221,1030213
2,22,12,0,0,16.66,6,caught,1,v New Zealand,Eden Gardens,30 Sep 2016,Test # 2222,1030215
82,214,132,9,2,62.12,6,caught,3,v New Zealand,Eden Gardens,30 Sep 2016,Test # 2222,1030215
51*,90,63,3,2,80.95,6,not out,1,v New Zealand,Indore,8 Oct 2016,Test # 2223,1030217
DNB,-,-,-,-,-,-,-,3,v New Zealand,Indore,8 Oct 2016,Test # 2223,1030217
102*,191,160,8,1,63.75,6,not out,2,v Sri Lanka,Nagpur,24 Nov 2017,Test # 2283,1122724
65,129,102,7,2,63.72,6,caught,1,v Sri Lanka,Delhi,2 Dec 2017,Test # 2286,1122725
50*,77,49,5,0,102.04,6,not out,3,v Sri Lanka,Delhi,2 Dec 2017,Test # 2286,1122725
11,95,59,1,0,18.64,5,lbw,2,v South Africa,Cape Town,5 Jan 2018,Test # 2292,1122276
10,53,30,0,0,33.33,5,bowled,4,v South Africa,Cape Town,5 Jan 2018,Test # 2292,1122276
10,34,27,2,0,37.03,5,lbw,2,v South Africa,Centurion,13 Jan 2018,Test # 2293,1122277
47,102,74,6,1,63.51,6,caught,4,v South Africa,Centurion,13 Jan 2018,Test # 2293,1122277
37,71,61,2,3,60.65,6,caught,1,v Australia,Adelaide,6 Dec 2018,Test # 2333,1144993
1,15,6,0,0,16.66,6,caught,3,v Australia,Adelaide,6 Dec 2018,Test # 2333,1144993
63*,186,114,5,0,55.26,6,not out,1,v Australia,Melbourne,26 Dec 2018,Test # 2337,1144995
5,28,18,0,0,27.77,6,caught,3,v Australia,Melbourne,26 Dec 2018,Test # 2337,1144995
176,-,244,23,6,72.13,2,stumped,1,v South Africa,Visakhapatnam,2 Oct 2019,Test # 2363,1187007
127,-,149,10,7,85.23,2,stumped,3,v South Africa,Visakhapatnam,2 Oct 2019,Test # 2363,1187007
14,-,35,1,0,40.00,2,caught,1,v South Africa,Pune,10 Oct 2019,Test # 2364,1187008
212,-,255,28,6,83.13,2,caught,1,v South Africa,Ranchi,19 Oct 2019,Test # 2365,1187009
6,-,14,1,0,42.85,2,caught,2,v Bangladesh,Indore,14 Nov 2019,Test # 2366,1187016
21,-,35,2,1,60.00,2,lbw,2,v Bangladesh,Eden Gardens,22 Nov 2019,Test # 2369,1187017
26,110,77,3,1,33.76,1,caught,2,v Australia,Sydney,7 Jan 2021,Test # 2402,1223871
52,137,98,5,1,53.06,1,caught,4,v Australia,Sydney,7 Jan 2021,Test # 2402,1223871
44,90,74,6,0,59.45,1,caught,2,v Australia,Brisbane,15 Jan 2021,Test # 2404,1223872
7,34,21,1,0,33.33,1,caught,4,v Australia,Brisbane,15 Jan 2021,Test # 2404,1223872
6,15,9,1,0,66.66,1,caught,2,v England,Chennai,5 Feb 2021,Test # 2409,1243384
12,23,20,1,1,60.00,1,bowled,4,v England,Chennai,5 Feb 2021,Test # 2409,1243384
161,327,231,18,2,69.69,1,caught,1,v England,Chennai,13 Feb 2021,Test # 2411,1243385
26,91,70,2,1,37.14,1,stumped,3,v England,Chennai,13 Feb 2021,Test # 2411,1243385
66,208,96,11,0,68.75,1,lbw,2,v England,Ahmedabad,24 Feb 2021,Test # 2412,1243386
25*,26,25,3,1,100.00,1,not out,4,v England,Ahmedabad,24 Feb 2021,Test # 2412,1243386
49,235,144,7,0,34.02,2,lbw,2,v England,Ahmedabad,4 Mar 2021,Test # 2414,1243387
34,88,68,6,0,50.00,1,caught,1,v New Zealand,Southampton,18 Jun 2021,Test # 2425,1249875
30,121,81,2,0,37.03,1,lbw,3,v New Zealand,Southampton,18 Jun 2021,Test # 2425,1249875
36,175,107,6,0,33.64,1,caught,2,v England,Nottingham,4 Aug 2021,Test # 2428,1239543
12*,-,34,0,0,35.29,2,not out,4,v England,Nottingham,4 Aug 2021,Test # 2428,1239543
83,185,145,11,1,57.24,1,bowled,1,v England,Lord's,12 Aug 2021,Test # 2429,1239544
21,60,36,2,1,58.33,2,caught,3,v England,Lord's,12 Aug 2021,Test # 2429,1239544
19,172,105,1,0,18.09,1,caught,1,v England,Leeds,25 Aug 2021,Test # 2432,1239545
59,221,156,7,1,37.82,1,lbw,3,v England,Leeds,25 Aug 2021,Test # 2432,1239545
11,43,27,1,0,40.74,1,caught,1,v England,The Oval,2 Sep 2021,Test # 2433,1239546
127,353,256,14,1,49.60,1,caught,3,v England,The Oval,2 Sep 2021,Test # 2433,1239546
29,52,28,6,0,103.57,2,caught,1,v Sri Lanka,Mohali,4 Mar 2022,Test # 2452,1278682
15,51,25,1,1,60.00,2,caught,1,v Sri Lanka,Bengaluru,12 Mar 2022,Test # 2456,1278683
46,126,79,4,0,58.22,2,caught,3,v Sri Lanka,Bengaluru,12 Mar 2022,Test # 2456,1278683
120,344,212,15,2,56.60,1,bowled,2,v Australia,Nagpur,9 Feb 2023,Test # 2490,1348652
32,95,69,2,0,46.37,1,bowled,2,v Australia,Delhi,17 Feb 2023,Test # 2493,1348653
31,31,20,3,2,155.00,1,run out,4,v Australia,Delhi,17 Feb 2023,Test # 2493,1348653
12,27,23,3,0,52.17,1,stumped,1,v Australia,Indore,1 Mar 2023,Test # 2496,1348654
12,61,33,0,0,36.36,1,lbw,3,v Australia,Indore,1 Mar 2023,Test # 2496,1348654
35,92,58,3,1,60.34,1,caught,2,v Australia,Ahmedabad,9 Mar 2023,Test # 2499,1348655
15,29,26,2,0,57.69,1,lbw,2,v Australia,The Oval,7 Jun 2023,Test # 2505,1358412
43,103,60,7,1,71.66,1,lbw,4,v Australia,The Oval,7 Jun 2023,Test # 2505,1358412
103,303,221,10,2,46.60,2,caught,2,v West Indies,Roseau,12 Jul 2023,Test # 2510,1381212
80,180,143,9,2,55.94,2,bowled,1,v West Indies,Port of Spain,20 Jul 2023,Test # 2513,1381213
57,59,44,5,3,129.54,2,caught,3,v West Indies,Port of Spain,20 Jul 2023,Test # 2513,1381213
5,20,14,1,0,35.71,2,caught,1,v South Africa,Centurion,26 Dec 2023,Test # 2520,1387603
0,10,8,0,0,0.00,2,bowled,3,v South Africa,Centurion,26 Dec 2023,Test # 2520,1387603
39,68,50,7,0,78.00,2,caught,2,v South Africa,Cape Town,3 Jan 2024,Test # 2522,1387604
16*,57,22,2,0,72.72,2,not out,4,v South Africa,Cape Town,3 Jan 2024,Test # 2522,1387604
24,53,27,3,0,88.88,2,caught,2,v England,Hyderabad,25 Jan 2024,Test # 2525,1389399
39,76,58,7,0,67.24,1,lbw,4,v England,Hyderabad,25 Jan 2024,Test # 2525,1389399
14,68,41,0,0,34.14,2,caught,1,v England,Visakhapatnam,2 Feb 2024,Test # 2526,1389400
13,28,21,3,0,61.90,2,bowled,3,v England,Visakhapatnam,2 Feb 2024,Test # 2526,1389400
131,292,196,14,3,66.83,2,caught,1,v England,Rajkot,15 Feb 2024,Test # 2530,1389401
19,48,28,3,0,67.85,2,lbw,3,v England,Rajkot,15 Feb 2024,Test # 2530,1389401
2,11,9,0,0,22.22,2,caught,2,v England,Ranchi,23 Feb 2024,Test # 2531,1389402
55,99,81,5,1,67.90,1,caught,4,v England,Ranchi,23 Feb 2024,Test # 2531,1389402
103,250,162,13,3,63.58,2,bowled,2,v England,Dharamsala,7 Mar 2024,Test # 2534,1389403
6,26,19,1,0,31.57,2,caught,1,v Bangladesh,Chennai,19 Sep 2024,Test # 2550,1439891
5,12,7,1,0,71.42,2,caught,3,v Bangladesh,Chennai,19 Sep 2024,Test # 2550,1439891
23,23,11,1,3,209.09,2,bowled,2,v Bangladesh,Kanpur,27 Sep 2024,Test # 2552,1439892
8,8,7,1,0,114.28,1,caught,4,v Bangladesh,Kanpur,27 Sep 2024,Test # 2552,1439892
2,30,16,0,0,12.50,2,bowled,1,v New Zealand,Bengaluru,16 Oct 2024,Test # 2555,1439896
52,89,63,8,1,82.53,2,bowled,3,v New Zealand,Bengaluru,16 Oct 2024,Test # 2555,1439896
0,12,9,0,0,0.00,2,bowled,2,v New Zealand,Pune,24 Oct 2024,Test # 2557,1439897
8,28,16,1,0,50.00,2,caught,4,v New Zealand,Pune,24 Oct 2024,Test # 2557,1439897
18,31,18,3,0,100.00,2,caught,2,v New Zealand,Wankhede,1 Nov 2024,Test # 2560,1439898
11,13,11,2,0,100.00,2,caught,4,v New Zealand,Wankhede,1 Nov 2024,Test # 2560,1439898
3,21,23,0,0,13.04,6,lbw,1,v Australia,Adelaide,6 Dec 2024,Test # 2568,1426556
6,20,15,1,0,40.00,6,bowled,3,v Australia,Adelaide,6 Dec 2024,Test # 2568,1426556
10,44,27,2,0,37.03,6,caught,2,v Australia,Brisbane,14 Dec 2024,Test # 2570,1426557
DNB,-,-,-,-,-,-,-,4,v Australia,Brisbane,14 Dec 2024,Test # 2570,1426557
3,10,5,0,0,60.00,2,caught,2,v Australia,Melbourne,26 Dec 2024,Test # 2571,1426558
9,74,40,0,0,22.50,2,caught,4,v Australia,Melbourne,26 Dec 2024,Test # 2571,1426558
DNB,-,-,-,-,-,-,-,2,v Ireland,Belfast,23 Jun 2007,ODI # 2590,293071
8,13,9,0,0,88.88,7,bowled,1,v South Africa,Belfast,26 Jun 2007,ODI # 2592,293076
1,3,4,0,0,25.00,7,caught,2,v Australia,Hyderabad,5 Oct 2007,ODI # 2625,297795
52,82,61,3,1,85.24,5,caught,2,v Pakistan,Jaipur,18 Nov 2007,ODI # 2647,297805
29,68,43,5,0,67.44,4,caught,1,v Australia,Brisbane,3 Feb 2008,ODI # 2670,291359
0,1,2,0,0,0.00,5,caught,1,v Sri Lanka,Brisbane,5 Feb 2008,ODI # 2672,291360
39*,86,61,2,0,63.93,6,not out,2,v Australia,Melbourne,10 Feb 2008,ODI # 2675,291362
70*,93,64,6,1,109.37,4,not out,1,v Sri Lanka,Canberra,12 Feb 2008,ODI # 2676,291363
1,12,3,0,0,33.33,4,caught,2,v Australia,Adelaide,17 Feb 2008,ODI # 2680,291365
24,74,36,1,0,66.66,4,caught,2,v Sri Lanka,Adelaide,19 Feb 2008,ODI # 2681,291366
1,3,3,0,0,33.33,4,caught,2,v Australia,Sydney,24 Feb 2008,ODI # 2685,291368
3*,8,7,0,0,42.85,5,not out,2,v Sri Lanka,Hobart,26 Feb 2008,ODI # 2686,291369
66,108,87,6,0,75.86,5,bowled,2,v Australia,Sydney,2 Mar 2008,ODI # 2688,291371
2,6,5,0,0,40.00,6,caught,1,v Australia,Brisbane,4 Mar 2008,ODI # 2689,291372
9,28,27,0,0,33.33,5,bowled,1,v Pakistan,Mirpur,10 Jun 2008,ODI # 2705,345469
26,50,43,1,1,60.46,3,caught,2,v Bangladesh,Mirpur,12 Jun 2008,ODI # 2706,345470
24,43,27,5,0,88.88,3,caught,2,v Pakistan,Mirpur,14 Jun 2008,ODI # 2707,345471
11,37,29,0,0,37.93,3,run out,1,v Hong Kong,Karachi,25 Jun 2008,ODI # 2716,335349
0*,3,1,0,0,0.00,6,not out,2,v Pakistan,Karachi,26 Jun 2008,ODI # 2717,335351
22,28,23,2,0,95.65,3,caught,2,v Bangladesh,Karachi,28 Jun 2008,ODI # 2721,335352
58,81,71,4,0,81.69,6,caught,1,v Pakistan,Karachi,2 Jul 2008,ODI # 2730,335355
22*,37,28,2,0,78.57,6,not out,2,v Sri Lanka,Karachi,3 Jul 2008,ODI # 2732,335356
3,8,8,0,0,37.50,6,lbw,2,v Sri Lanka,Karachi,6 Jul 2008,ODI # 2735,335358
19,46,31,1,1,61.29,5,caught,1,v Sri Lanka,Dambulla,18 Aug 2008,ODI # 2742,343732
0,2,2,0,0,0.00,6,lbw,2,v Sri Lanka,Dambulla,20 Aug 2008,ODI # 2745,343733
32,39,32,3,0,100.00,7,caught,1,v Sri Lanka,Colombo (RPS),24 Aug 2008,ODI # 2750,343734
18,30,23,0,0,78.26,6,caught,1,v Sri Lanka,Colombo (RPS),27 Aug 2008,ODI # 2755,366341
3,11,5,0,0,60.00,5,lbw,2,v Sri Lanka,Colombo (RPS),29 Aug 2008,ODI # 2756,343736
11*,30,8,1,0,137.50,7,not out,1,v England,Rajkot,14 Nov 2008,ODI # 2774,361043
3,16,13,0,0,23.07,4,caught,1,v England,Indore,17 Nov 2008,ODI # 2777,361044
28,54,41,3,0,68.29,4,caught,2,v England,Kanpur,20 Nov 2008,ODI # 2778,361045
8*,13,10,1,0,80.00,6,not out,2,v England,Cuttack,26 Nov 2008,ODI # 2783,361047
25*,44,30,3,0,83.33,6,not out,2,v Sri Lanka,Dambulla,28 Jan 2009,ODI # 2806,386530
4*,12,6,0,0,66.66,7,not out,1,v Sri Lanka,Colombo (RPS),5 Feb 2009,ODI # 2815,386533
15,31,22,1,0,68.18,5,caught,2,v Sri Lanka,Colombo (RPS),8 Feb 2009,ODI # 2818,386534
DNB,-,-,-,-,-,-,-,2,v New Zealand,Hamilton,11 Mar 2009,ODI # 2824,366624
43*,106,74,1,1,58.10,4,not out,1,v New Zealand,Auckland,14 Mar 2009,ODI # 2825,366625
4,9,12,0,0,33.33,3,caught,1,v West Indies,Kingston,26 Jun 2009,ODI # 2852,377313
0,7,2,0,0,0.00,3,caught,1,v West Indies,Kingston,28 Jun 2009,ODI # 2853,377314
11,19,9,0,0,122.22,5,caught,2,v West Indies,Gros Islet,3 Jul 2009,ODI # 2854,377315
TDNB,-,-,-,-,-,-,-,-,v West Indies,Gros Islet,5 Jul 2009,ODI # 2855,377316
48,-,61,3,0,78.68,4,caught,2,v South Africa,Ahmedabad,27 Feb 2010,ODI # 2963,441829
114,135,119,6,4,95.79,4,caught,1,v Zimbabwe,Bulawayo,28 May 2010,ODI # 2981,452146
101*,126,100,6,2,101.00,4,not out,2,v Sri Lanka,Bulawayo,30 May 2010,ODI # 2983,452147
13,34,25,0,0,52.00,4,run out,1,v Zimbabwe,Harare,3 Jun 2010,ODI # 2986,452149
32,43,40,1,0,80.00,5,bowled,1,v Sri Lanka,Harare,5 Jun 2010,ODI # 2988,452150
0,1,1,0,0,0.00,4,lbw,2,v Bangladesh,Dambulla,16 Jun 2010,ODI # 2993,455232
22,20,24,2,0,91.66,5,lbw,2,v Pakistan,Dambulla,19 Jun 2010,ODI # 2996,455234
69,118,73,7,0,94.52,4,run out,1,v Sri Lanka,Dambulla,22 Jun 2010,ODI # 2999,455236
41,80,52,3,0,78.84,5,caught,1,v Sri Lanka,Dambulla,24 Jun 2010,ODI # 3001,455237
4,13,11,0,0,36.36,3,caught,2,v New Zealand,Dambulla,10 Aug 2010,ODI # 3030,456662
0,3,2,0,0,0.00,4,lbw,2,v Sri Lanka,Dambulla,16 Aug 2010,ODI # 3032,456663
11,-,21,2,0,52.38,3,lbw,1,v Sri Lanka,Dambulla,22 Aug 2010,ODI # 3038,456666
5,16,9,0,0,55.55,7,stumped,2,v Sri Lanka,Dambulla,28 Aug 2010,ODI # 3040,456668
44,56,48,4,1,91.66,5,caught,2,v New Zealand,Bengaluru,7 Dec 2010,ODI # 3076,467886
DNB,-,-,-,-,-,-,-,2,v New Zealand,Chennai,10 Dec 2010,ODI # 3077,467887
11,28,27,1,0,40.74,4,caught,2,v South Africa,Durban,12 Jan 2011,ODI # 3079,463150
9,29,14,1,0,64.28,7,lbw,1,v South Africa,Johannesburg,15 Jan 2011,ODI # 3080,463151
23,67,45,2,0,51.11,1,bowled,2,v South Africa,Cape Town,18 Jan 2011,ODI # 3082,463152
1,6,6,0,0,16.66,1,caught,2,v South Africa,Gqeberha,21 Jan 2011,ODI # 3084,463153
5,15,8,1,0,62.50,2,bowled,2,v South Africa,Centurion,23 Jan 2011,ODI # 3087,463154
68*,131,75,3,1,90.66,5,not out,2,v West Indies,Port of Spain,6 Jun 2011,ODI # 3159,489221
7*,8,14,1,0,50.00,5,not out,2,v West Indies,Port of Spain,8 Jun 2011,ODI # 3160,489222
86*,137,91,5,2,94.50,5,not out,2,v West Indies,North Sound,11 Jun 2011,ODI # 3161,489223
39,60,47,0,1,82.97,5,caught,2,v West Indies,North Sound,13 Jun 2011,ODI # 3162,489224
57,105,72,2,1,79.16,5,bowled,1,v West Indies,Kingston,16 Jun 2011,ODI # 3163,489225
0*,1,1,0,0,0.00,5,retired notout,1,v England,Chester-le-Street,3 Sep 2011,ODI # 3186,474477
72,185,99,3,1,72.72,5,bowled,2,v West Indies,Cuttack,29 Nov 2011,ODI # 3217,536929
90*,131,98,7,2,91.83,5,not out,2,v West Indies,Visakhapatnam,2 Dec 2011,ODI # 3219,536930
95,151,100,10,1,95.00,5,run out,2,v West Indies,Ahmedabad,5 Dec 2011,ODI # 3221,536931
27,21,16,3,0,168.75,5,bowled,1,v West Indies,Indore,8 Dec 2011,ODI # 3223,536932
21,31,26,1,0,80.76,6,bowled,1,v West Indies,Chennai,11 Dec 2011,ODI # 3224,536933
21,34,21,2,0,100.00,4,caught,2,v Australia,Melbourne,5 Feb 2012,ODI # 3231,518956
10,29,17,1,0,58.82,4,caught,2,v Sri Lanka,W.A.C.A,8 Feb 2012,ODI # 3233,518957
33,49,41,1,1,80.48,4,caught,2,v Australia,Adelaide,12 Feb 2012,ODI # 3237,518959
15,30,27,2,0,55.55,4,run out,2,v Sri Lanka,Adelaide,14 Feb 2012,ODI # 3239,518960
0,6,5,0,0,0.00,4,caught,2,v Australia,Brisbane,19 Feb 2012,ODI # 3244,518962
DNB,-,-,-,-,-,-,-,1,v Sri Lanka,Mirpur,13 Mar 2012,ODI # 3259,535795
4,9,6,0,0,66.66,6,run out,1,v Bangladesh,Mirpur,16 Mar 2012,ODI # 3261,535797
68,109,83,5,1,81.92,4,caught,2,v Pakistan,Mirpur,18 Mar 2012,ODI # 3263,535798
5,10,8,0,0,62.50,4,bowled,1,v Sri Lanka,Hambantota,21 Jul 2012,ODI # 3291,564781
0,5,5,0,0,0.00,4,bowled,1,v Sri Lanka,Hambantota,24 Jul 2012,ODI # 3292,564782
0,1,1,0,0,0.00,5,lbw,2,v Sri Lanka,Colombo (RPS),28 Jul 2012,ODI # 3293,564783
4,18,14,0,0,28.57,4,lbw,2,v Sri Lanka,Colombo (RPS),31 Jul 2012,ODI # 3294,564784
4,12,9,1,0,44.44,4,bowled,1,v Sri Lanka,Pallekele,4 Aug 2012,ODI # 3295,564785
4,19,14,0,0,28.57,5,caught,1,v Pakistan,Chennai,30 Dec 2012,ODI # 3314,589308
83,135,93,11,1,89.24,2,lbw,2,v England,Mohali,23 Jan 2013,ODI # 3327,565815
4,15,9,1,0,44.44,2,caught,1,v England,Dharamsala,27 Jan 2013,ODI # 3329,565816
65,96,81,8,1,80.24,1,caught,1,v South Africa,Cardiff,6 Jun 2013,ODI # 3363,578614
52,78,56,7,0,92.85,1,caught,2,v West Indies,The Oval,11 Jun 2013,ODI # 3368,578619
18,54,32,2,0,56.25,1,caught,2,v Pakistan,Birmingham,15 Jun 2013,ODI # 3372,578623
33,77,50,4,0,66.00,1,bowled,2,v Sri Lanka,Cardiff,20 Jun 2013,ODI # 3376,566947
9,18,14,1,0,64.28,1,bowled,1,v England,Birmingham,23 Jun 2013,ODI # 3377,566948
60,129,89,4,1,67.41,1,caught,1,v West Indies,Kingston,30 Jun 2013,ODI # 3380,597924
5,16,13,0,0,38.46,1,caught,2,v Sri Lanka,Kingston,2 Jul 2013,ODI # 3382,597925
46,124,78,5,0,58.97,1,caught,1,v West Indies,Port of Spain,5 Jul 2013,ODI # 3383,597926
48*,126,83,2,1,57.83,1,not out,1,v Sri Lanka,Port of Spain,9 Jul 2013,ODI # 3387,597928
58,146,89,5,1,65.16,1,bowled,2,v Sri Lanka,Port of Spain,11 Jul 2013,ODI # 3388,597929
20,57,40,2,0,50.00,1,caught,2,v Zimbabwe,Harare,24 Jul 2013,ODI # 3395,643665
1,5,7,0,0,14.28,1,caught,1,v Zimbabwe,Harare,26 Jul 2013,ODI # 3397,643667
14,27,21,2,0,66.66,1,caught,2,v Zimbabwe,Harare,28 Jul 2013,ODI # 3399,643669
64*,123,90,5,1,71.11,2,not out,2,v Zimbabwe,Bulawayo,1 Aug 2013,ODI # 3402,643675
42,62,47,6,0,89.36,2,caught,2,v Australia,Pune,13 Oct 2013,ODI # 3419,647249
141*,195,123,17,4,114.63,1,not out,2,v Australia,Jaipur,16 Oct 2013,ODI # 3420,647251
11,33,22,2,0,50.00,1,caught,1,v Australia,Mohali,19 Oct 2013,ODI # 3421,647253
9*,19,13,1,0,69.23,1,not out,2,v Australia,Ranchi,23 Oct 2013,ODI # 3422,647255
79,119,89,7,3,88.76,1,caught,2,v Australia,Nagpur,30 Oct 2013,ODI # 3424,647259
209,222,158,12,16,132.27,1,caught,1,v Australia,Bengaluru,2 Nov 2013,ODI # 3428,647261
72,105,81,8,1,88.88,1,caught,2,v West Indies,Kochi,21 Nov 2013,ODI # 3436,676529
12,20,19,3,0,63.15,1,caught,1,v West Indies,Visakhapatnam,24 Nov 2013,ODI # 3437,676531
4,19,14,0,0,28.57,1,caught,2,v West Indies,Kanpur,27 Nov 2013,ODI # 3439,676533
18,69,43,2,0,41.86,1,run out,2,v South Africa,Johannesburg,5 Dec 2013,ODI # 3442,648651
19,34,26,2,0,73.07,1,caught,2,v South Africa,Durban,8 Dec 2013,ODI # 3443,648653
TDNB,-,-,-,-,-,-,-,-,v South Africa,Centurion,11 Dec 2013,ODI # 3444,648655
3,24,23,0,0,13.04,1,caught,2,v New Zealand,Napier,19 Jan 2014,ODI # 3456,667641
20,42,34,2,1,58.82,2,caught,2,v New Zealand,Hamilton,22 Jan 2014,ODI # 3458,667643
39,65,38,1,4,102.63,1,caught,2,v New Zealand,Auckland,25 Jan 2014,ODI # 3462,667645
79,131,94,6,4,84.04,1,caught,1,v New Zealand,Hamilton,28 Jan 2014,ODI # 3465,667647
4,20,13,0,0,30.76,1,caught,2,v New Zealand,Wellington,31 Jan 2014,ODI # 3467,667649
21,57,29,1,1,72.41,1,bowled,2,v Bangladesh,Fatullah,26 Feb 2014,ODI # 3474,710293
13,37,28,1,0,46.42,1,lbw,1,v Sri Lanka,Fatullah,28 Feb 2014,ODI # 3476,710297
56,86,58,7,2,96.55,1,caught,1,v Pakistan,Mirpur,2 Mar 2014,ODI # 3479,710301
18*,36,24,1,0,75.00,3,not out,2,v Afghanistan,Mirpur,5 Mar 2014,ODI # 3483,710307
52,126,87,4,1,59.77,1,caught,1,v England,Cardiff,27 Aug 2014,ODI # 3517,667723
264,225,173,33,9,152.60,2,caught,1,v Sri Lanka,Eden Gardens,13 Nov 2014,ODI # 3544,792295
9,18,12,2,0,75.00,2,bowled,2,v Sri Lanka,Ranchi,16 Nov 2014,ODI # 3547,792297
138,228,139,9,4,99.28,1,caught,1,v Australia,Melbourne,18 Jan 2015,ODI # 3582,754749
15,35,20,2,0,75.00,1,caught,1,v Pakistan,Adelaide,15 Feb 2015,ODI # 3602,656405
0,13,6,0,0,0.00,1,run out,1,v South Africa,Melbourne,22 Feb 2015,ODI # 3610,656423
57*,77,55,10,1,103.63,1,not out,2,v U.A.E.,W.A.C.A,28 Feb 2015,ODI # 3618,656439
7,30,18,1,0,38.88,1,caught,2,v West Indies,W.A.C.A,6 Mar 2015,ODI # 3625,656453
64,99,66,3,3,96.96,1,bowled,2,v Ireland,Hamilton,10 Mar 2015,ODI # 3631,656465
16,24,21,2,0,76.19,1,caught,2,v Zimbabwe,Auckland,14 Mar 2015,ODI # 3636,656475
137,223,126,14,3,108.73,1,bowled,1,v Bangladesh,Melbourne,19 Mar 2015,ODI # 3641,656485
34,83,48,1,2,70.83,1,bowled,2,v Australia,Sydney,26 Mar 2015,ODI # 3645,656493
63,100,68,4,1,92.64,1,caught,2,v Bangladesh,Mirpur,18 Jun 2015,ODI # 3658,870731
0,1,2,0,0,0.00,1,caught,1,v Bangladesh,Mirpur,21 Jun 2015,ODI # 3660,870733
29,34,29,2,1,100.00,1,caught,1,v Bangladesh,Mirpur,24 Jun 2015,ODI # 3661,870735
150,215,133,13,6,112.78,1,caught,2,v South Africa,Kanpur,11 Oct 2015,ODI # 3689,903593
3,6,10,0,0,30.00,1,bowled,1,v South Africa,Indore,14 Oct 2015,ODI # 3692,903595
65,95,74,7,2,87.83,1,caught,2,v South Africa,Rajkot,18 Oct 2015,ODI # 3695,903597
21,21,19,4,0,110.52,1,caught,1,v South Africa,Chennai,22 Oct 2015,ODI # 3698,903599
16,21,20,3,0,80.00,1,caught,2,v South Africa,Wankhede,25 Oct 2015,ODI # 3700,903601
171*,205,163,13,7,104.90,1,not out,1,v Australia,W.A.C.A,12 Jan 2016,ODI # 3723,895807
124,175,127,11,3,97.63,1,run out,1,v Australia,Brisbane,15 Jan 2016,ODI # 3724,895809
6,17,11,0,0,54.54,1,caught,1,v Australia,Melbourne,17 Jan 2016,ODI # 3725,895811
41,28,25,2,3,164.00,1,caught,2,v Australia,Canberra,20 Jan 2016,ODI # 3726,895813
99,142,108,9,1,91.66,1,caught,2,v Australia,Sydney,23 Jan 2016,ODI # 3727,895815
14,44,26,1,1,53.84,1,lbw,2,v New Zealand,Dharamsala,16 Oct 2016,ODI # 3796,1030219
15,28,27,1,1,55.55,1,caught,2,v New Zealand,Delhi,20 Oct 2016,ODI # 3797,1030221
13,35,21,2,0,61.90,1,lbw,2,v New Zealand,Mohali,23 Oct 2016,ODI # 3798,1030223
11,15,19,2,0,57.89,2,caught,2,v New Zealand,Ranchi,26 Oct 2016,ODI # 3799,1030225
70,107,65,5,3,107.69,2,caught,1,v New Zealand,Visakhapatnam,29 Oct 2016,ODI # 3800,1030227
91,146,119,7,2,76.47,1,run out,1,v Pakistan,Birmingham,4 Jun 2017,ODI # 3878,1022353
78,107,79,6,3,98.73,1,caught,1,v Sri Lanka,The Oval,8 Jun 2017,ODI # 3882,1022361
12,23,20,1,1,60.00,1,caught,2,v South Africa,The Oval,11 Jun 2017,ODI # 3886,1022367
123*,165,129,15,1,95.34,1,not out,2,v Bangladesh,Birmingham,15 Jun 2017,ODI # 3891,1022373
0,4,3,0,0,0.00,1,lbw,2,v Pakistan,The Oval,18 Jun 2017,ODI # 3894,1022375
4,-,13,0,0,30.76,1,run out,2,v Sri Lanka,Dambulla,20 Aug 2017,ODI # 3905,1109605
54,-,45,5,3,120.00,1,lbw,2,v Sri Lanka,Pallekele,24 Aug 2017,ODI # 3906,1109606
124*,-,145,16,2,85.51,1,not out,2,v Sri Lanka,Pallekele,27 Aug 2017,ODI # 3907,1109607
104,-,88,11,3,118.18,1,caught,1,v Sri Lanka,Colombo (RPS),31 Aug 2017,ODI # 3908,1109608
16,-,20,1,0,80.00,1,caught,2,v Sri Lanka,Colombo (RPS),3 Sep 2017,ODI # 3909,1109609
28,81,44,3,0,63.63,2,caught,1,v Australia,Chennai,17 Sep 2017,ODI # 3910,1119496
7,24,14,1,0,50.00,2,caught,1,v Australia,Eden Gardens,21 Sep 2017,ODI # 3912,1119497
71,94,62,6,4,114.51,2,caught,2,v Australia,Indore,24 Sep 2017,ODI # 3914,1119498
65,93,55,1,5,118.18,2,run out,2,v Australia,Bengaluru,28 Sep 2017,ODI # 3917,1119499
125,165,109,11,5,114.67,2,caught,2,v Australia,Nagpur,1 Oct 2017,ODI # 3919,1119500
20,27,18,0,2,111.11,1,bowled,1,v New Zealand,Wankhede,22 Oct 2017,ODI # 3928,1120090
7,17,19,1,0,36.84,1,caught,2,v New Zealand,Pune,25 Oct 2017,ODI # 3931,1120091
147,168,138,18,2,106.52,1,caught,1,v New Zealand,Kanpur,29 Oct 2017,ODI # 3932,1120092
2,19,13,0,0,15.38,1,caught,1,v Sri Lanka,Dharamsala,10 Dec 2017,ODI # 3939,1122726
208*,212,153,13,12,135.94,1,not out,1,v Sri Lanka,Mohali,13 Dec 2017,ODI # 3941,1122727
7,14,14,0,1,50.00,1,bowled,2,v Sri Lanka,Visakhapatnam,17 Dec 2017,ODI # 3942,1122728
20,25,30,2,1,66.66,1,caught,2,v South Africa,Durban,1 Feb 2018,ODI # 3969,1122279
15,19,17,2,1,88.23,1,caught,2,v South Africa,Centurion,4 Feb 2018,ODI # 3970,1122280
0,4,6,0,0,0.00,1,caught,1,v South Africa,Cape Town,7 Feb 2018,ODI # 3971,1122281
5,19,13,1,0,38.46,1,caught,1,v South Africa,Johannesburg,10 Feb 2018,ODI # 3973,1122282
115,179,126,11,4,91.26,2,caught,1,v South Africa,Gqeberha,13 Feb 2018,ODI # 3976,1122283
15,14,13,3,0,115.38,2,caught,2,v South Africa,Centurion,16 Feb 2018,ODI # 3978,1122284
137*,-,114,15,4,120.17,1,not out,2,v England,Nottingham,12 Jul 2018,ODI # 4014,1119546
15,-,26,2,0,57.69,1,bowled,2,v England,Lord's,14 Jul 2018,ODI # 4016,1119547
2,24,18,0,0,11.11,1,caught,1,v England,Leeds,17 Jul 2018,ODI # 4018,1119548
23,-,22,4,0,104.54,1,caught,1,v Hong Kong,Dubai (DICS),18 Sep 2018,ODI # 4039,1153246
52,-,39,6,3,133.33,1,bowled,2,v Pakistan,Dubai (DICS),19 Sep 2018,ODI # 4040,1153247
83*,-,104,5,3,79.80,1,not out,2,v Bangladesh,Dubai (DICS),21 Sep 2018,ODI # 4042,1153249
111*,-,119,7,4,93.27,1,not out,2,v Pakistan,Dubai (DICS),23 Sep 2018,ODI # 4044,1153251
48,-,55,3,3,87.27,1,caught,2,v Bangladesh,Dubai (DICS),28 Sep 2018,ODI # 4048,1153255
152*,-,117,15,8,129.91,1,not out,2,v West Indies,Guwahati,21 Oct 2018,ODI # 4056,1157754
4,14,8,1,0,50.00,1,caught,1,v West Indies,Visakhapatnam,24 Oct 2018,ODI # 4059,1157755
8,-,9,2,0,88.88,1,bowled,2,v West Indies,Pune,27 Oct 2018,ODI # 4062,1157756
162,-,137,20,4,118.24,1,caught,1,v West Indies,Brabourne,29 Oct 2018,ODI # 4063,1157757
63*,65,56,5,4,112.50,1,not out,2,v West Indies,Thiruvananthapuram,1 Nov 2018,ODI # 4064,1157758
133,204,129,10,6,103.10,1,caught,2,v Australia,Sydney,12 Jan 2019,ODI # 4077,1144997
43,71,52,2,2,82.69,1,caught,2,v Australia,Adelaide,15 Jan 2019,ODI # 4078,1144998
9,-,17,1,0,52.94,1,caught,2,v Australia,Melbourne,18 Jan 2019,ODI # 4079,1144999
11,38,24,1,0,45.83,1,caught,2,v New Zealand,Napier,23 Jan 2019,ODI # 4082,1153691
87,116,96,9,3,90.62,1,caught,1,v New Zealand,Mount Maunganui,26 Jan 2019,ODI # 4085,1153692
62,115,77,3,2,80.51,1,stumped,2,v New Zealand,Mount Maunganui,28 Jan 2019,ODI # 4088,1153693
7,33,23,0,0,30.43,1,caught,1,v New Zealand,Hamilton,31 Jan 2019,ODI # 4091,1153694
2,16,16,0,0,12.50,1,bowled,1,v New Zealand,Wellington,3 Feb 2019,ODI # 4092,1153695
37,-,66,5,0,56.06,1,caught,2,v Australia,Hyderabad,2 Mar 2019,ODI # 4102,1168242
0,-,6,0,0,0.00,1,caught,1,v Australia,Nagpur,5 Mar 2019,ODI # 4106,1168243
14,-,14,2,1,100.00,2,lbw,2,v Australia,Ranchi,8 Mar 2019,ODI # 4109,1168244
95,-,92,7,2,103.26,1,caught,1,v Australia,Mohali,10 Mar 2019,ODI # 4111,1168245
56,-,89,4,0,62.92,1,stumped,2,v Australia,Delhi,13 Mar 2019,ODI # 4113,1168246
122*,212,144,13,2,84.72,2,not out,2,v South Africa,Southampton,5 Jun 2019,ODI # 4150,1144490
57,101,70,3,1,81.42,1,caught,1,v Australia,The Oval,9 Jun 2019,ODI # 4155,1144496
140,153,113,14,3,123.89,2,caught,1,v Pakistan,Manchester,16 Jun 2019,ODI # 4161,1144504
1,60,10,0,0,10.00,2,bowled,1,v Afghanistan,Southampton,22 Jun 2019,ODI # 4169,1144510
18,28,23,1,1,78.26,2,caught,1,v West Indies,Manchester,27 Jun 2019,ODI # 4175,1144516
102,152,109,15,0,93.57,2,caught,2,v England,Birmingham,30 Jun 2019,ODI # 4179,1144520
104,121,92,7,5,113.04,2,caught,1,v Bangladesh,Birmingham,2 Jul 2019,ODI # 4182,1144522
103,133,94,14,2,109.57,2,caught,2,v Sri Lanka,Leeds,6 Jul 2019,ODI # 4187,1144526
1,7,4,0,0,25.00,2,caught,2,v New Zealand,Manchester,9 Jul 2019,ODI # 4190,1144528
TDNB,-,-,-,-,-,-,-,-,v West Indies,Providence,8 Aug 2019,ODI # 4196,1188624
18,75,34,2,0,52.94,2,caught,1,v West Indies,Port of Spain,11 Aug 2019,ODI # 4197,1188625
10,13,6,2,0,166.66,1,run out,2,v West Indies,Port of Spain,14 Aug 2019,ODI # 4199,1188626
36,-,56,6,0,64.28,1,caught,1,v West Indies,Chennai,15 Dec 2019,ODI # 4221,1187021
159,-,138,17,5,115.21,1,caught,1,v West Indies,Visakhapatnam,18 Dec 2019,ODI # 4222,1187022
63,-,63,8,1,100.00,1,caught,2,v West Indies,Cuttack,22 Dec 2019,ODI # 4223,1187023
10,-,15,2,0,66.66,1,caught,1,v Australia,Wankhede,14 Jan 2020,ODI # 4231,1187027
42,-,44,6,0,95.45,1,lbw,1,v Australia,Rajkot,17 Jan 2020,ODI # 4232,1187028
119,-,128,8,6,92.96,1,caught,2,v Australia,Bengaluru,19 Jan 2020,ODI # 4233,1187029
28,79,42,4,0,66.66,1,caught,1,v England,Pune,23 Mar 2021,ODI # 4281,1243393
25,38,25,5,0,100.00,1,caught,1,v England,Pune,26 Mar 2021,ODI # 4283,1243394
37,71,37,6,0,100.00,1,bowled,1,v England,Pune,28 Mar 2021,ODI # 4284,1243395
60,60,51,10,1,117.64,1,lbw,2,v West Indies,Ahmedabad,6 Feb 2022,ODI # 4353,1278676
5,14,8,0,0,62.50,1,caught,1,v West Indies,Ahmedabad,9 Feb 2022,ODI # 4355,1278677
13,20,15,3,0,86.66,1,bowled,1,v West Indies,Ahmedabad,11 Feb 2022,ODI # 4356,1278678
76*,79,58,7,5,131.03,1,not out,2,v England,The Oval,12 Jul 2022,ODI # 4424,1276907
0,12,10,0,0,0.00,1,lbw,2,v England,Lord's,14 Jul 2022,ODI # 4428,1276908
17,22,17,4,0,100.00,1,caught,2,v England,Manchester,17 Jul 2022,ODI # 4433,1276909
27,47,31,4,1,87.09,1,bowled,1,v Bangladesh,Mirpur,4 Dec 2022,ODI # 4493,1340845
51*,40,28,3,5,182.14,9,not out,2,v Bangladesh,Mirpur,7 Dec 2022,ODI # 4496,1340846
83,105,67,9,3,123.88,1,bowled,1,v Sri Lanka,Guwahati,10 Jan 2023,ODI # 4501,1348643
17,23,21,2,1,80.95,1,caught,2,v Sri Lanka,Eden Gardens,12 Jan 2023,ODI # 4503,1348644
42,63,49,2,3,85.71,1,caught,1,v Sri Lanka,Thiruvananthapuram,15 Jan 2023,ODI # 4505,1348645
34,49,38,4,2,89.47,1,caught,1,v New Zealand,Hyderabad,18 Jan 2023,ODI # 4507,1348646
51,65,50,7,2,102.00,1,lbw,2,v New Zealand,Raipur,21 Jan 2023,ODI # 4509,1348647
101,113,85,9,6,118.82,1,bowled,1,v New Zealand,Indore,24 Jan 2023,ODI # 4511,1348648
13,24,15,2,0,86.66,1,caught,1,v Australia,Visakhapatnam,19 Mar 2023,ODI # 4541,1348657
30,44,17,2,2,176.47,1,caught,2,v Australia,Chennai,22 Mar 2023,ODI # 4545,1348658
12*,17,19,2,0,63.15,7,not out,2,v West Indies,Bridgetown,27 Jul 2023,ODI # 4622,1381214
11,25,22,2,0,50.00,1,bowled,1,v Pakistan,Pallekele,2 Sep 2023,ODI # 4630,1388394
74*,87,59,6,5,125.42,1,not out,2,v Nepal,Pallekele,4 Sep 2023,ODI # 4632,1388398
56,77,49,6,4,114.28,1,caught,1,v Pakistan,Colombo (RPS),10 Sep 2023,ODI # 4639,1388406
53,73,48,7,2,110.41,1,bowled,1,v Sri Lanka,Colombo (RPS),12 Sep 2023,ODI # 4641,1388407
0,3,2,0,0,0.00,1,caught,2,v Bangladesh,Colombo (RPS),15 Sep 2023,ODI # 4645,1388412
DNB,-,-,-,-,-,-,-,2,v Sri Lanka,Colombo (RPS),17 Sep 2023,ODI # 4649,1388414
81,94,57,5,6,142.10,1,caught,2,v Australia,Rajkot,27 Sep 2023,ODI # 4657,1389390
0,10,6,0,0,0.00,1,lbw,2,v Australia,Chennai,8 Oct 2023,ODI # 4662,1384396
131,111,84,16,5,155.95,1,bowled,2,v Afghanistan,Delhi,11 Oct 2023,ODI # 4666,1384400
86,91,63,6,6,136.50,1,caught,2,v Pakistan,Ahmedabad,14 Oct 2023,ODI # 4669,1384403
48,51,40,7,2,120.00,1,caught,2,v Bangladesh,Pune,19 Oct 2023,ODI # 4674,1384408
46,44,40,4,4,115.00,1,bowled,2,v New Zealand,Dharamsala,22 Oct 2023,ODI # 4678,1384412
87,162,101,10,3,86.13,1,caught,1,v England,Lucknow,29 Oct 2023,ODI # 4686,1384420
4,2,2,1,0,200.00,1,bowled,1,v Sri Lanka,Wankhede,2 Nov 2023,ODI # 4690,1384424
40,32,24,6,2,166.66,1,caught,1,v South Africa,Eden Gardens,5 Nov 2023,ODI # 4694,1384428
61,74,54,8,2,112.96,1,caught,1,v Netherlands,Bengaluru,12 Nov 2023,ODI # 4702,1384436
47,40,29,4,4,162.06,1,caught,1,v New Zealand,Wankhede,15 Nov 2023,ODI # 4703,1384437
47,44,31,4,3,151.61,1,caught,1,v Australia,Ahmedabad,19 Nov 2023,ODI # 4705,1384439
58,55,47,7,3,123.40,1,lbw,2,v Sri Lanka,Colombo (RPS),2 Aug 2024,ODI # 4752,1442990
64,58,44,5,4,145.45,1,caught,2,v Sri Lanka,Colombo (RPS),4 Aug 2024,ODI # 4753,1442991
35,32,20,6,1,175.00,1,caught,2,v Sri Lanka,Colombo (RPS),7 Aug 2024,ODI # 4754,1442992
2,25,7,0,0,28.57,2,caught,2,v England,Nagpur,6 Feb 2025,ODI # 4825,1439904
119,142,90,12,7,132.22,1,caught,2,v England,Cuttack,9 Feb 2025,ODI # 4828,1439905
1,5,2,0,0,50.00,1,caught,1,v England,Ahmedabad,12 Feb 2025,ODI # 4833,1439906
41,-,36,7,0,113.88,1,caught,2,v Bangladesh,Dubai (DICS),20 Feb 2025,ODI # 4844,1466415
20,22,15,3,1,133.33,1,bowled,2,v Pakistan,Dubai (DICS),23 Feb 2025,ODI # 4847,1466418
15,24,17,1,1,88.23,1,caught,1,v New Zealand,Dubai (DICS),2 Mar 2025,ODI # 4852,1466425
28,33,29,3,1,96.55,1,lbw,2,v Australia,Dubai (DICS),4 Mar 2025,ODI # 4853,1466426
76,102,83,7,3,91.56,1,stumped,2,v New Zealand,Dubai (DICS),9 Mar 2025,ODI # 4858,1466428
DNB,-,-,-,-,-,-,-,1,v England,Durban,19 Sep 2007,T20I # 40,287873
50*,52,40,7,2,125.00,5,not out,1,v South Africa,Durban,20 Sep 2007,T20I # 43,287876
8*,11,5,0,1,160.00,6,not out,1,v Australia,Durban,22 Sep 2007,T20I # 45,287878
30*,22,16,2,1,187.50,6,not out,1,v Pakistan,Johannesburg,24 Sep 2007,T20I # 46,287879
DNB,-,-,-,-,-,-,-,2,v Australia,Brabourne,20 Oct 2007,T20I # 47,297800
8,15,8,1,0,100.00,5,bowled,1,v Australia,Melbourne,1 Feb 2008,T20I # 52,291356
4,13,11,0,0,36.36,6,caught,2,v Sri Lanka,Colombo (RPS),10 Feb 2009,T20I # 82,386535
7,9,7,0,1,100.00,4,caught,1,v New Zealand,Christchurch,25 Feb 2009,T20I # 84,386494
36,34,23,3,2,156.52,2,bowled,1,v Bangladesh,Nottingham,6 Jun 2009,T20I # 93,355994
52*,61,45,4,1,115.55,2,not out,2,v Ireland,Nottingham,10 Jun 2009,T20I # 101,356001
5,6,3,1,0,166.66,2,caught,1,v West Indies,Lord's,12 Jun 2009,T20I # 105,356006
9,7,8,1,0,112.50,2,bowled,2,v England,Lord's,14 Jun 2009,T20I # 109,356010
29,39,28,3,0,103.57,2,caught,2,v South Africa,Nottingham,16 Jun 2009,T20I # 113,356014
3,-,4,0,0,75.00,5,run out,2,v Sri Lanka,Nagpur,9 Dec 2009,T20I # 126,430884
79*,65,46,4,6,171.73,4,not out,2,v Australia,Bridgetown,7 May 2010,T20I # 165,412691
5,10,8,1,0,62.50,4,caught,2,v West Indies,Bridgetown,9 May 2010,T20I # 169,412695
DNB,-,-,-,-,-,-,-,1,v Sri Lanka,Gros Islet,11 May 2010,T20I # 173,412699
10,22,15,1,0,66.66,4,stumped,2,v Zimbabwe,Harare,12 Jun 2010,T20I # 182,452153
0*,1,0,0,0,-,5,not out,2,v Zimbabwe,Harare,13 Jun 2010,T20I # 183,452154
53,38,34,5,2,155.88,3,caught,1,v South Africa,Durban,9 Jan 2011,T20I # 196,463149
26,33,23,0,2,113.04,6,bowled,1,v West Indies,Port of Spain,4 Jun 2011,T20I # 200,489220
1,7,3,0,0,33.33,5,stumped,1,v England,Manchester,31 Aug 2011,T20I # 204,474476
0,2,1,0,0,0.00,5,bowled,2,v Australia,Sydney,1 Feb 2012,T20I # 217,518954
DNB,-,-,-,-,-,-,-,2,v Australia,Melbourne,3 Feb 2012,T20I # 218,518955
DNB,-,-,-,-,-,-,-,2,v South Africa,Johannesburg,30 Mar 2012,T20I # 242,556252
DNB,-,-,-,-,-,-,-,1,v Sri Lanka,Pallekele,7 Aug 2012,T20I # 255,564786
4*,2,2,0,0,200.00,6,not out,2,v New Zealand,Chennai,11 Sep 2012,T20I # 261,565820
1*,2,1,0,0,100.00,7,not out,1,v Afghanistan,Colombo (RPS),19 Sep 2012,T20I # 265,533274
55*,48,33,5,1,166.66,4,not out,1,v England,Colombo (RPS),23 Sep 2012,T20I # 272,533281
1,5,2,0,0,50.00,5,bowled,1,v Australia,Colombo (RPS),28 Sep 2012,T20I # 278,533287
DNB,-,-,-,-,-,-,-,2,v Pakistan,Colombo (RPS),30 Sep 2012,T20I # 282,533291
25,48,27,2,0,92.59,4,lbw,1,v South Africa,Colombo (RPS),2 Oct 2012,T20I # 286,533295
24,28,19,1,1,126.31,5,bowled,1,v England,Wankhede,22 Dec 2012,T20I # 294,565811
2,8,2,0,0,100.00,7,run out,1,v Pakistan,Bengaluru,25 Dec 2012,T20I # 296,589306
4*,1,2,1,0,200.00,7,not out,1,v Pakistan,Ahmedabad,28 Dec 2012,T20I # 298,589307
8,8,8,0,1,100.00,1,caught,2,v Australia,Rajkot,10 Oct 2013,T20I # 331,647247
24,41,21,1,2,114.28,1,bowled,2,v Pakistan,Mirpur,21 Mar 2014,T20I # 378,682921
62*,83,55,5,2,112.72,1,not out,2,v West Indies,Mirpur,23 Mar 2014,T20I # 382,682929
56,60,44,5,1,127.27,1,caught,2,v Bangladesh,Mirpur,28 Mar 2014,T20I # 389,682943
5,1,3,1,0,166.66,1,caught,1,v Australia,Mirpur,30 Mar 2014,T20I # 393,682951
24,17,13,4,1,184.61,1,caught,2,v South Africa,Mirpur,4 Apr 2014,T20I # 399,682963
29,41,26,3,0,111.53,1,caught,1,v Sri Lanka,Mirpur,6 Apr 2014,T20I # 400,682965
106,79,66,12,5,160.60,1,caught,1,v South Africa,Dharamsala,2 Oct 2015,T20I # 456,903587
22,40,24,2,0,91.66,1,run out,1,v South Africa,Cuttack,5 Oct 2015,T20I # 457,903589
31,21,20,4,1,155.00,1,caught,1,v Australia,Adelaide,26 Jan 2016,T20I # 485,895817
60,69,47,5,2,127.65,1,run out,1,v Australia,Melbourne,29 Jan 2016,T20I # 486,895819
52,57,38,5,1,136.84,1,caught,2,v Australia,Sydney,31 Jan 2016,T20I # 489,895821
0,2,2,0,0,0.00,1,caught,1,v Sri Lanka,Pune,9 Feb 2016,T20I # 496,963697
43,-,36,2,1,119.44,1,caught,1,v Sri Lanka,Ranchi,12 Feb 2016,T20I # 497,963699
13,-,13,1,1,100.00,1,lbw,2,v Sri Lanka,Visakhapatnam,14 Feb 2016,T20I # 499,963701
83,90,55,7,3,150.90,1,caught,1,v Bangladesh,Mirpur,24 Feb 2016,T20I # 509,966745
0,2,2,0,0,0.00,1,lbw,2,v Pakistan,Mirpur,27 Feb 2016,T20I # 512,966751
15,15,14,3,0,107.14,2,caught,2,v Sri Lanka,Mirpur,1 Mar 2016,T20I # 515,966757
39,26,28,7,1,139.28,1,caught,2,v U.A.E.,Mirpur,3 Mar 2016,T20I # 517,966761
1,8,5,0,0,20.00,1,caught,2,v Bangladesh,Mirpur,6 Mar 2016,T20I # 521,966765
5,-,7,0,0,71.42,1,stumped,2,v New Zealand,Nagpur,15 Mar 2016,T20I # 535,951329
10,11,11,2,0,90.90,1,caught,2,v Pakistan,Eden Gardens,19 Mar 2016,T20I # 541,951341
18,29,16,1,1,112.50,1,caught,1,v Bangladesh,Bengaluru,23 Mar 2016,T20I # 547,951353
12,25,17,1,0,70.58,1,bowled,2,v Australia,Mohali,27 Mar 2016,T20I # 553,951363
43,29,31,3,3,138.70,1,lbw,1,v West Indies,Wankhede,31 Mar 2016,T20I # 556,951371
62,54,28,4,4,221.42,1,caught,2,v West Indies,Lauderhill,27 Aug 2016,T20I # 562,1041615
10*,9,8,0,1,125.00,1,not out,2,v West Indies,Lauderhill,28 Aug 2016,T20I # 563,1041617
9,-,8,1,0,112.50,1,caught,2,v Sri Lanka,Colombo (RPS),6 Sep 2017,T20I # 618,1109610
11,5,7,1,1,157.14,1,bowled,2,v Australia,Ranchi,7 Oct 2017,T20I # 623,1119501
8,3,4,2,0,200.00,1,lbw,1,v Australia,Guwahati,10 Oct 2017,T20I # 624,1119502
80,85,55,6,4,145.45,1,caught,1,v New Zealand,Delhi,1 Nov 2017,T20I # 630,1120093
5,9,6,1,0,83.33,1,caught,2,v New Zealand,Rajkot,4 Nov 2017,T20I # 631,1120094
8,11,9,1,0,88.88,1,caught,1,v New Zealand,Thiruvananthapuram,7 Nov 2017,T20I # 632,1120095
17,21,13,2,0,130.76,1,caught,1,v Sri Lanka,Cuttack,20 Dec 2017,T20I # 633,1122729
118,61,43,12,10,274.41,1,caught,1,v Sri Lanka,Indore,22 Dec 2017,T20I # 634,1122730
27,31,20,4,1,135.00,1,caught,2,v Sri Lanka,Wankhede,24 Dec 2017,T20I # 635,1122731
21,8,9,2,2,233.33,1,caught,1,v South Africa,Johannesburg,18 Feb 2018,T20I # 652,1122285
0,5,1,0,0,0.00,2,lbw,1,v South Africa,Centurion,21 Feb 2018,T20I # 654,1122286
11,9,8,2,0,137.50,1,lbw,1,v South Africa,Cape Town,24 Feb 2018,T20I # 655,1122287
0,-,4,0,0,0.00,1,caught,1,v Sri Lanka,Colombo (RPS),6 Mar 2018,T20I # 656,1133817
17,-,13,3,0,130.76,1,bowled,2,v Bangladesh,Colombo (RPS),8 Mar 2018,T20I # 657,1133818
11,-,7,1,1,157.14,1,caught,2,v Sri Lanka,Colombo (RPS),12 Mar 2018,T20I # 659,1133820
89,-,61,5,5,145.90,1,run out,1,v Bangladesh,Colombo (RPS),14 Mar 2018,T20I # 660,1133821
56,-,42,4,3,133.33,2,caught,2,v Bangladesh,Colombo (RPS),18 Mar 2018,T20I # 662,1133823
97,87,61,8,5,159.01,1,bowled,1,v Ireland,Dublin (Malahide),27 Jun 2018,T20I # 678,1140992
0,-,2,0,0,0.00,4,caught,1,v Ireland,Dublin (Malahide),29 Jun 2018,T20I # 680,1140993
32,-,30,3,1,106.66,2,caught,2,v England,Manchester,3 Jul 2018,T20I # 684,1119543
5,-,9,1,0,55.55,1,caught,1,v England,Cardiff,6 Jul 2018,T20I # 688,1119544
100*,-,56,11,5,178.57,1,not out,2,v England,Bristol,8 Jul 2018,T20I # 690,1119545
6,-,6,1,0,100.00,1,caught,2,v West Indies,Eden Gardens,4 Nov 2018,T20I # 707,1157759
111*,95,61,8,7,181.96,1,not out,1,v West Indies,Lucknow,6 Nov 2018,T20I # 709,1157760
4,-,6,1,0,66.66,2,caught,2,v West Indies,Chennai,11 Nov 2018,T20I # 710,1157761
7,-,8,0,0,87.50,1,caught,2,v Australia,Brisbane,21 Nov 2018,T20I # 712,1144990
TDNB,-,-,-,-,-,-,-,-,v Australia,Melbourne,23 Nov 2018,T20I # 713,1144991
23,-,16,1,2,143.75,1,bowled,2,v Australia,Sydney,25 Nov 2018,T20I # 714,1144992
1,10,5,0,0,20.00,1,caught,2,v New Zealand,Wellington,6 Feb 2019,T20I # 735,1153696
50,40,29,3,4,172.41,1,caught,2,v New Zealand,Auckland,8 Feb 2019,T20I # 737,1153697
38,63,32,3,0,118.75,2,caught,2,v New Zealand,Hamilton,10 Feb 2019,T20I # 738,1153698
5,11,8,0,0,62.50,1,caught,1,v Australia,Visakhapatnam,24 Feb 2019,T20I # 748,1168247
24,-,25,2,2,96.00,1,caught,2,v West Indies,Lauderhill,3 Aug 2019,T20I # 842,1188621
67,-,51,6,3,131.37,1,caught,1,v West Indies,Lauderhill,4 Aug 2019,T20I # 843,1188622
12,21,12,0,2,100.00,1,lbw,2,v South Africa,Mohali,18 Sep 2019,T20I # 888,1187005
9,11,8,2,0,112.50,2,caught,1,v South Africa,Bengaluru,22 Sep 2019,T20I # 893,1187006
9,-,5,2,0,180.00,1,lbw,1,v Bangladesh,Delhi,3 Nov 2019,T20I # 1000,1187013
85,-,43,6,6,197.67,1,caught,2,v Bangladesh,Rajkot,7 Nov 2019,T20I # 1007,1187014
2,-,6,0,0,33.33,1,bowled,1,v Bangladesh,Nagpur,10 Nov 2019,T20I # 1014,1187015
8,-,10,1,0,80.00,1,caught,2,v West Indies,Hyderabad,6 Dec 2019,T20I # 1020,1187018
15,-,18,2,0,83.33,1,bowled,1,v West Indies,Thiruvananthapuram,8 Dec 2019,T20I # 1022,1187019
71,-,34,6,5,208.82,1,caught,1,v West Indies,Wankhede,11 Dec 2019,T20I # 1024,1187020
7,-,6,0,1,116.66,1,caught,2,v New Zealand,Auckland,24 Jan 2020,T20I # 1031,1187677
8,3,6,2,0,133.33,1,caught,2,v New Zealand,Auckland,26 Jan 2020,T20I # 1034,1187678
65,50,40,6,3,162.50,1,caught,1,v New Zealand,Hamilton,29 Jan 2020,T20I # 1035,1187679
60*,-,41,3,3,146.34,3,retired notout,1,v New Zealand,Mount Maunganui,2 Feb 2020,T20I # 1037,1187681
15,22,17,2,0,88.23,1,caught,1,v England,Ahmedabad,16 Mar 2021,T20I # 1133,1243390
12,17,12,1,1,100.00,1,caught,1,v England,Ahmedabad,18 Mar 2021,T20I # 1135,1243391
64,42,34,4,5,188.23,1,bowled,1,v England,Ahmedabad,20 Mar 2021,T20I # 1138,1243392
0,6,1,0,0,0.00,2,lbw,1,v Pakistan,Dubai (DICS),24 Oct 2021,T20I # 1361,1273727
14,23,14,1,1,100.00,3,caught,1,v New Zealand,Dubai (DICS),31 Oct 2021,T20I # 1381,1273739
74,78,47,8,3,157.44,2,caught,1,v Afghanistan,Abu Dhabi,3 Nov 2021,T20I # 1390,1273744
30,29,16,5,1,187.50,2,lbw,2,v Scotland,Dubai (DICS),5 Nov 2021,T20I # 1396,1273748
56,46,37,7,2,151.35,2,caught,2,v Namibia,Dubai (DICS),8 Nov 2021,T20I # 1410,1273753
48,63,36,5,2,133.33,2,caught,2,v New Zealand,Jaipur,17 Nov 2021,T20I # 1434,1278671
55,90,36,1,5,152.77,2,caught,2,v New Zealand,Ranchi,19 Nov 2021,T20I # 1440,1278672
56,60,31,5,3,180.64,1,caught,1,v New Zealand,Eden Gardens,21 Nov 2021,T20I # 1446,1278673
40,37,19,4,3,210.52,1,caught,2,v West Indies,Eden Gardens,16 Feb 2022,T20I # 1467,1278679
19,39,18,2,1,105.55,1,caught,1,v West Indies,Eden Gardens,18 Feb 2022,T20I # 1473,1278680
7,25,15,0,0,46.66,4,bowled,1,v West Indies,Eden Gardens,20 Feb 2022,T20I # 1479,1278681
44,58,32,2,1,137.50,1,bowled,1,v Sri Lanka,Lucknow,24 Feb 2022,T20I # 1492,1278684
1,5,2,0,0,50.00,1,bowled,2,v Sri Lanka,Dharamsala,26 Feb 2022,T20I # 1493,1278685
5,8,9,1,0,55.55,2,caught,2,v Sri Lanka,Dharamsala,27 Feb 2022,T20I # 1494,1278686
24,14,14,5,0,171.42,1,caught,1,v England,Southampton,7 Jul 2022,T20I # 1616,1276904
31,26,20,3,2,155.00,1,caught,1,v England,Birmingham,9 Jul 2022,T20I # 1628,1276905
11,26,12,2,0,91.66,1,caught,2,v England,Nottingham,10 Jul 2022,T20I # 1631,1276906
64,77,44,7,2,145.45,1,caught,1,v West Indies,Tarouba,29 Jul 2022,T20I # 1702,1317903
0,2,1,0,0,0.00,1,caught,1,v West Indies,Basseterre,1 Aug 2022,T20I # 1718,1317904
11*,7,5,1,1,220.00,1,retired notout,2,v West Indies,Basseterre,2 Aug 2022,T20I # 1720,1317905
33,24,16,2,3,206.25,1,bowled,1,v West Indies,Lauderhill,6 Aug 2022,T20I # 1725,1317906
12,44,18,0,1,66.66,1,caught,2,v Pakistan,Dubai (DICS),28 Aug 2022,T20I # 1750,1327270
21,28,13,2,1,161.53,2,caught,1,v Hong Kong,Dubai (DICS),31 Aug 2022,T20I # 1754,1327272
28,27,16,3,2,175.00,2,caught,1,v Pakistan,Dubai (DICS),4 Sep 2022,T20I # 1758,1327276
72,70,41,5,4,175.60,2,caught,1,v Sri Lanka,Dubai (DICS),6 Sep 2022,T20I # 1759,1327277
11,13,9,1,1,122.22,2,caught,1,v Australia,Mohali,20 Sep 2022,T20I # 1788,1327503
46*,-,20,4,4,230.00,2,not out,2,v Australia,Nagpur,23 Sep 2022,T20I # 1794,1327504
17,19,14,2,1,121.42,2,caught,2,v Australia,Hyderabad,25 Sep 2022,T20I # 1796,1327505
0,14,2,0,0,0.00,2,caught,2,v South Africa,Thiruvananthapuram,28 Sep 2022,T20I # 1800,1327506
43,50,37,7,1,116.21,2,caught,1,v South Africa,Guwahati,2 Oct 2022,T20I # 1803,1327507
0,3,2,0,0,0.00,1,bowled,2,v South Africa,Indore,4 Oct 2022,T20I # 1805,1327508
4,20,7,0,0,57.14,2,caught,2,v Pakistan,Melbourne,23 Oct 2022,T20I # 1842,1298150
53,53,39,4,3,135.89,2,caught,1,v Netherlands,Sydney,27 Oct 2022,T20I # 1848,1298157
15,22,14,1,1,107.14,2,caught,1,v South Africa,Perth,30 Oct 2022,T20I # 1853,1298164
2,18,8,0,0,25.00,2,caught,1,v Bangladesh,Adelaide,2 Nov 2022,T20I # 1860,1298169
15,20,13,2,0,115.38,2,caught,1,v Zimbabwe,Melbourne,6 Nov 2022,T20I # 1873,1298176
27,37,28,4,0,96.42,2,caught,1,v England,Adelaide,10 Nov 2022,T20I # 1878,1298178
0,1,2,0,0,0.00,1,run out,2,v Afghanistan,Mohali,11 Jan 2024,T20I # 2428,1389396
0,6,1,0,0,0.00,2,bowled,2,v Afghanistan,Indore,14 Jan 2024,T20I # 2431,1389397
121*,103,69,11,8,175.36,2,not out,1,v Afghanistan,Bengaluru,17 Jan 2024,T20I # 2435,1389398
52*,48,37,4,3,140.54,1,retired notout,2,v Ireland,New York,5 Jun 2024,T20I # 2639,1415708
13,15,12,1,1,108.33,1,caught,1,v Pakistan,New York,9 Jun 2024,T20I # 2658,1415719
3,12,6,0,0,50.00,1,caught,2,v U.S.A.,New York,12 Jun 2024,T20I # 2671,1415725
8,13,13,1,0,61.53,1,caught,1,v Afghanistan,Bridgetown,20 Jun 2024,T20I # 2710,1415743
23,14,11,3,1,209.09,1,caught,1,v Bangladesh,North Sound,22 Jun 2024,T20I # 2716,1415747
92,59,41,7,8,224.39,1,bowled,1,v Australia,Gros Islet,24 Jun 2024,T20I # 2721,1415751
57,57,39,6,2,146.15,1,bowled,1,v England,Providence,27 Jun 2024,T20I # 2724,1415754
9,7,5,2,0,180.00,1,caught,1,v South Africa,Bridgetown,29 Jun 2024,T20I # 2729,1415755
40*,38,37,5,1,108.10,3,not out,2,v Baroda,Wankhede,3 Apr 2007,Twenty20,290527
101*,74,45,13,5,224.44,3,not out,2,v Gujarat,Brabourne,4 Apr 2007,Twenty20,290539
13,10,11,0,1,118.18,3,caught,1,v Saurashtra,Wankhede,5 Apr 2007,Twenty20,290551
18,11,11,2,1,163.63,3,caught,2,v Maharashtra,Brabourne,6 Apr 2007,Twenty20,290561
25,26,26,1,1,96.15,4,bowled,2,v Tamil Nadu,Ahmedabad,16 Apr 2007,Twenty20,290836
0,1,1,0,0,0.00,3,caught,2,v Haryana,Ahmedabad,17 Apr 2007,Twenty20,290839
39,28,25,4,2,156.00,3,caught,1,v M. Pradesh,Ahmedabad,18 Apr 2007,Twenty20,290843
16,20,16,1,0,100.00,3,caught,1,v Bengal,Ahmedabad,19 Apr 2007,Twenty20,290847
DNB,-,-,-,-,-,-,-,1,v England,Durban,19 Sep 2007,T20I # 40,287873
50*,52,40,7,2,125.00,5,not out,1,v South Africa,Durban,20 Sep 2007,T20I # 43,287876
8*,11,5,0,1,160.00,6,not out,1,v Australia,Durban,22 Sep 2007,T20I # 45,287878
30*,22,16,2,1,187.50,6,not out,1,v Pakistan,Johannesburg,24 Sep 2007,T20I # 46,287879
DNB,-,-,-,-,-,-,-,2,v Australia,Brabourne,20 Oct 2007,T20I # 47,297800
8,15,8,1,0,100.00,5,bowled,1,v Australia,Melbourne,1 Feb 2008,T20I # 52,291356
0,-,3,0,0,0.00,5,caught,1,v KKR,Eden Gardens,20 Apr 2008,Twenty20,335986
66,-,36,6,4,183.33,5,caught,1,v Daredevils,Hyderabad,22 Apr 2008,Twenty20,335988
36,-,30,3,1,120.00,5,caught,1,v RR,Hyderabad,24 Apr 2008,Twenty20,335990
DNB,-,-,-,-,-,-,-,2,v MI,DY Patil,27 Apr 2008,Twenty20,335994
76*,-,42,10,2,180.95,4,not out,1,v Kings XI,Hyderabad,1 May 2008,Twenty20,335999
57,-,42,5,3,135.71,4,caught,2,v RCB,Bengaluru,3 May 2008,Twenty20,336034
23,-,17,2,1,135.29,4,caught,2,v CSK,Chennai,6 May 2008,Twenty20,336007
5,-,8,0,0,62.50,4,run out,1,v RR,Jaipur,9 May 2008,Twenty20,336011
33,-,24,3,2,137.50,4,caught,2,v KKR,Hyderabad,11 May 2008,Twenty20,336014
35,-,18,3,2,194.44,4,bowled,2,v Daredevils,Delhi,15 May 2008,Twenty20,336020
6,-,10,1,0,60.00,3,lbw,2,v MI,Hyderabad,18 May 2008,Twenty20,336024
50,-,27,3,4,185.18,3,bowled,1,v Kings XI,Mohali,23 May 2008,Twenty20,336031
17,-,16,2,0,106.25,3,caught,1,v RCB,Hyderabad,25 May 2008,Twenty20,336002
4,13,11,0,0,36.36,6,caught,2,v Sri Lanka,Colombo (RPS),10 Feb 2009,T20I # 82,386535
7,9,7,0,1,100.00,4,caught,1,v New Zealand,Christchurch,25 Feb 2009,T20I # 84,386494
36*,-,32,3,2,112.50,4,not out,2,v KKR,Cape Town,19 Apr 2009,Twenty20,392184
52,-,30,1,5,173.33,4,caught,1,v RCB,Cape Town,22 Apr 2009,Twenty20,392188
3,-,5,0,0,60.00,4,caught,1,v MI,Durban,25 Apr 2009,Twenty20,392192
18,-,19,0,1,94.73,4,caught,2,v CSK,Durban,27 Apr 2009,Twenty20,392196
17,-,20,2,0,85.00,4,caught,1,v Daredevils,Centurion,30 Apr 2009,Twenty20,392201
38,51,32,2,2,118.75,4,caught,1,v RR,Gqeberha,2 May 2009,Twenty20,392205
21,-,20,2,1,105.00,4,caught,2,v CSK,East London,4 May 2009,Twenty20,392209
38,-,36,2,1,105.55,4,caught,1,v MI,Centurion,6 May 2009,Twenty20,392212
9,-,15,1,0,60.00,4,caught,1,v Kings XI,Kimberley,9 May 2009,Twenty20,392216
9,-,14,0,0,64.28,3,stumped,1,v RR,Kimberley,11 May 2009,Twenty20,392220
6,-,7,1,0,85.71,3,caught,2,v Daredevils,Durban,13 May 2009,Twenty20,392223
32*,-,13,3,2,246.15,5,not out,2,v KKR,Johannesburg,16 May 2009,Twenty20,392228
42,-,26,3,3,161.53,5,bowled,2,v Kings XI,Johannesburg,17 May 2009,Twenty20,392229
12,-,12,1,0,100.00,5,caught,2,v RCB,Centurion,21 May 2009,Twenty20,392236
5*,-,11,0,0,45.45,6,not out,2,v Daredevils,Centurion,22 May 2009,Twenty20,392237
24,-,23,1,1,104.34,5,caught,1,v RCB,Johannesburg,24 May 2009,Twenty20,392239
36,34,23,3,2,156.52,2,bowled,1,v Bangladesh,Nottingham,6 Jun 2009,T20I # 93,355994
52*,61,45,4,1,115.55,2,not out,2,v Ireland,Nottingham,10 Jun 2009,T20I # 101,356001
5,6,3,1,0,166.66,2,caught,1,v West Indies,Lord's,12 Jun 2009,T20I # 105,356006
9,7,8,1,0,112.50,2,bowled,2,v England,Lord's,14 Jun 2009,T20I # 109,356010
29,39,28,3,0,103.57,2,caught,2,v South Africa,Nottingham,16 Jun 2009,T20I # 113,356014
24,-,21,3,0,114.28,5,caught,1,v Somerset,Hyderabad,10 Oct 2009,Twenty20,416928
25,-,24,3,0,104.16,5,caught,2,v Trinidad & T,Hyderabad,14 Oct 2009,Twenty20,416935
47,27,26,4,3,180.76,3,caught,1,v Baroda,Poona,20 Oct 2009,Twenty20,427207
43*,44,33,3,2,130.30,4,not out,2,v Gujarat,Poona,21 Oct 2009,Twenty20,427216
41,40,27,4,2,151.85,4,run out,1,v Saurashtra,Pune,22 Oct 2009,Twenty20,427215
5,5,7,1,0,71.42,4,run out,2,v Maharashtra,Pune,24 Oct 2009,Twenty20,427222
3,-,4,0,0,75.00,5,run out,2,v Sri Lanka,Nagpur,9 Dec 2009,T20I # 126,430884
13,-,12,2,0,108.33,5,caught,2,v KKR,DY Patil,12 Mar 2010,Twenty20,419106
19*,-,10,2,1,190.00,5,not out,1,v CSK,Chennai,14 Mar 2010,Twenty20,419110
1,-,2,0,0,50.00,5,run out,1,v Kings XI,Cuttack,19 Mar 2010,Twenty20,419117
45,-,30,3,3,150.00,5,caught,1,v Daredevils,Cuttack,21 Mar 2010,Twenty20,419120
49,-,35,2,3,140.00,5,caught,1,v RR,Ahmedabad,26 Mar 2010,Twenty20,419126
45,-,28,3,2,160.71,5,bowled,2,v MI,DY Patil,28 Mar 2010,Twenty20,419130
2,-,6,0,0,33.33,5,bowled,2,v KKR,Eden Gardens,1 Apr 2010,Twenty20,419135
11,-,13,0,0,84.61,5,caught,2,v MI,Brabourne,3 Apr 2010,Twenty20,419138
73,-,44,8,2,165.90,3,caught,2,v RR,Nagpur,5 Apr 2010,Twenty20,419141
6,-,5,1,0,120.00,4,caught,2,v RCB,Bengaluru,8 Apr 2010,Twenty20,419145
8,-,15,0,0,53.33,4,caught,2,v CSK,Nagpur,10 Apr 2010,Twenty20,419147
51,-,46,7,0,110.86,4,caught,1,v RCB,Nagpur,12 Apr 2010,Twenty20,419151
68*,-,38,6,3,178.94,4,not out,2,v Kings XI,Dharamsala,16 Apr 2010,Twenty20,419156
11,-,9,2,0,122.22,4,caught,1,v Daredevils,Delhi,18 Apr 2010,Twenty20,419160
2,-,5,0,0,40.00,4,caught,2,v CSK,DY Patil,22 Apr 2010,Twenty20,419163
0,-,4,0,0,0.00,4,caught,1,v RCB,DY Patil,24 Apr 2010,Twenty20,419164
79*,65,46,4,6,171.73,4,not out,2,v Australia,Bridgetown,7 May 2010,T20I # 165,412691
5,10,8,1,0,62.50,4,caught,2,v West Indies,Bridgetown,9 May 2010,T20I # 169,412695
DNB,-,-,-,-,-,-,-,1,v Sri Lanka,Gros Islet,11 May 2010,T20I # 173,412699
10,22,15,1,0,66.66,4,stumped,2,v Zimbabwe,Harare,12 Jun 2010,T20I # 182,452153
0*,1,0,0,0,-,5,not out,2,v Zimbabwe,Harare,13 Jun 2010,T20I # 183,452154
53,38,34,5,2,155.88,3,caught,1,v South Africa,Durban,9 Jan 2011,T20I # 196,463149
24,23,22,4,0,109.09,4,caught,1,v Haryana,Hyderabad,12 Mar 2011,Twenty20,471622
27*,-,30,3,0,90.00,4,not out,2,v Daredevils,Delhi,10 Apr 2011,Twenty20,501201
DNB,-,-,-,-,-,-,-,2,v RCB,Bengaluru,12 Apr 2011,Twenty20,501205
DNB,-,-,-,-,-,-,-,1,v Kochi,Wankhede,15 Apr 2011,Twenty20,501210
20*,-,18,1,1,111.11,4,not out,2,v Warriors,Wankhede,20 Apr 2011,Twenty20,501218
87,-,48,8,5,181.25,4,caught,1,v CSK,Wankhede,22 Apr 2011,Twenty20,501221
56*,-,34,5,3,164.70,5,not out,1,v Chargers,Hyderabad,24 Apr 2011,Twenty20,501224
13,-,22,1,0,59.09,4,caught,1,v RR,Jaipur,29 Apr 2011,Twenty20,501231
18,-,11,3,0,163.63,5,caught,1,v Kings XI,Wankhede,2 May 2011,Twenty20,501237
12,-,20,0,0,60.00,4,caught,1,v Warriors,DY Patil,4 May 2011,Twenty20,501241
49,-,32,2,3,153.12,4,caught,1,v Daredevils,Wankhede,7 May 2011,Twenty20,501246
5,-,5,1,0,100.00,3,stumped,2,v Kings XI,Mohali,10 May 2011,Twenty20,501251
4,-,6,1,0,66.66,4,caught,2,v Chargers,Wankhede,14 May 2011,Twenty20,501256
58,-,47,5,1,123.40,4,stumped,1,v RR,Wankhede,20 May 2011,Twenty20,501263
10,-,9,1,0,111.11,4,caught,2,v KKR,Eden Gardens,22 May 2011,Twenty20,501267
0,-,0,0,0,-,3,run out,2,v KKR,Wankhede,25 May 2011,Twenty20,501269
13,-,15,1,0,86.66,4,caught,2,v RCB,Chennai,27 May 2011,Twenty20,501270
26,33,23,0,2,113.04,6,bowled,1,v West Indies,Port of Spain,4 Jun 2011,T20I # 200,489220
30,30,28,1,1,107.14,4,bowled,1,v Kent,Canterbury,26 Aug 2011,Twenty20,492534
29,27,21,1,2,138.09,5,caught,1,v Leics,Leicester,29 Aug 2011,Twenty20,492537
1,7,3,0,0,33.33,5,stumped,1,v England,Manchester,31 Aug 2011,T20I # 204,474476
32,49,32,2,0,100.00,3,caught,2,v Saurashtra,Rajkot,22 Oct 2011,Twenty20,526296
68,67,37,9,1,183.78,3,caught,1,v Maharashtra,Rajkot,24 Oct 2011,Twenty20,526303
0,2,1,0,0,0.00,5,bowled,2,v Australia,Sydney,1 Feb 2012,T20I # 217,518954
DNB,-,-,-,-,-,-,-,2,v Australia,Melbourne,3 Feb 2012,T20I # 218,518955
7,-,6,1,0,116.66,4,caught,1,v Tamil Nadu,Brabourne,24 Mar 2012,Twenty20,526314
16,-,16,2,0,100.00,4,caught,1,v Punjab,Mumbai,26 Mar 2012,Twenty20,526318
DNB,-,-,-,-,-,-,-,2,v South Africa,Johannesburg,30 Mar 2012,T20I # 242,556252
0,7,3,0,0,0.00,3,caught,2,v CSK,Chennai,4 Apr 2012,Twenty20,548306
1,9,6,0,0,16.66,3,caught,2,v Warriors,Wankhede,6 Apr 2012,Twenty20,548308
73*,84,50,4,5,146.00,3,not out,2,v Chargers,Visakhapatnam,9 Apr 2012,Twenty20,548314
21,14,13,2,1,161.53,3,bowled,1,v RR,Wankhede,11 Apr 2012,Twenty20,548317
29,37,27,5,0,107.40,3,caught,1,v Daredevils,Wankhede,16 Apr 2012,Twenty20,548325
2,4,5,0,0,40.00,3,caught,1,v Kings XI,Wankhede,22 Apr 2012,Twenty20,548334
50,48,30,3,3,166.66,3,caught,2,v Kings XI,Mohali,25 Apr 2012,Twenty20,548339
12,11,6,1,1,200.00,3,caught,2,v Daredevils,Delhi,27 Apr 2012,Twenty20,548342
42,-,48,4,1,87.50,3,caught,2,v Chargers,Wankhede,29 Apr 2012,Twenty20,548346
3,6,5,0,0,60.00,3,run out,1,v Warriors,Pune,3 May 2012,Twenty20,548351
60,74,46,6,2,130.43,3,bowled,2,v CSK,Wankhede,6 May 2012,Twenty20,548355
0,3,3,0,0,0.00,3,lbw,1,v RCB,Wankhede,9 May 2012,Twenty20,548360
109*,76,60,12,5,181.66,3,not out,1,v KKR,Eden Gardens,12 May 2012,Twenty20,548363
5,15,7,1,0,71.42,3,caught,2,v RCB,Bengaluru,14 May 2012,Twenty20,548367
12,38,14,1,0,85.71,4,caught,2,v KKR,Wankhede,16 May 2012,Twenty20,548370
DNB,-,-,-,-,-,-,-,2,v RR,Jaipur,20 May 2012,Twenty20,548377
14,-,19,0,0,73.68,3,caught,2,v CSK,Bengaluru,23 May 2012,Twenty20,548379
52,45,36,5,2,144.44,3,caught,1,v W. Indies A,Port of Spain,23 Jun 2012,Twenty20,562899
3,4,4,0,0,75.00,3,run out,1,v W. Indies A,Port of Spain,24 Jun 2012,Twenty20,562900
DNB,-,-,-,-,-,-,-,1,v Sri Lanka,Pallekele,7 Aug 2012,T20I # 255,564786
4*,2,2,0,0,200.00,6,not out,2,v New Zealand,Chennai,11 Sep 2012,T20I # 261,565820
1*,2,1,0,0,100.00,7,not out,1,v Afghanistan,Colombo (RPS),19 Sep 2012,T20I # 265,533274
55*,48,33,5,1,166.66,4,not out,1,v England,Colombo (RPS),23 Sep 2012,T20I # 272,533281
1,5,2,0,0,50.00,5,bowled,1,v Australia,Colombo (RPS),28 Sep 2012,T20I # 278,533287
DNB,-,-,-,-,-,-,-,2,v Pakistan,Colombo (RPS),30 Sep 2012,T20I # 282,533291
25,48,27,2,0,92.59,4,lbw,1,v South Africa,Colombo (RPS),2 Oct 2012,T20I # 286,533295
27,35,27,2,1,100.00,3,bowled,1,v Lions,Johannesburg,14 Oct 2012,Twenty20,574255
25,31,23,1,1,108.69,3,bowled,1,v Yorkshire,Cape Town,18 Oct 2012,Twenty20,574262
32,38,26,1,3,123.07,3,caught,2,v CSK,Johannesburg,20 Oct 2012,Twenty20,574265
16,16,19,2,1,84.21,3,run out,2,v Sixers,Durban,22 Oct 2012,Twenty20,574269
24,28,19,1,1,126.31,5,bowled,1,v England,Wankhede,22 Dec 2012,T20I # 294,565811
2,8,2,0,0,100.00,7,run out,1,v Pakistan,Bengaluru,25 Dec 2012,T20I # 296,589306
4*,1,2,1,0,200.00,7,not out,1,v Pakistan,Ahmedabad,28 Dec 2012,T20I # 298,589307
11,21,11,1,0,100.00,4,bowled,2,v RCB,Bengaluru,4 Apr 2013,Twenty20,597999
8,13,10,1,0,80.00,4,caught,1,v CSK,Chennai,6 Apr 2013,Twenty20,598002
74*,87,50,4,5,148.00,4,not out,1,v Daredevils,Wankhede,9 Apr 2013,Twenty20,598006
62*,56,32,3,5,193.75,4,not out,1,v Warriors,Wankhede,13 Apr 2013,Twenty20,598011
2,12,7,0,0,28.57,4,caught,2,v RR,Jaipur,17 Apr 2013,Twenty20,598019
73,64,43,5,5,169.76,4,caught,1,v Daredevils,Delhi,21 Apr 2013,Twenty20,598024
34,40,28,1,2,121.42,4,caught,2,v KKR,Eden Gardens,24 Apr 2013,Twenty20,598029
10,10,8,1,0,125.00,4,run out,1,v RCB,Wankhede,27 Apr 2013,Twenty20,598033
79*,69,39,6,6,202.56,4,not out,1,v Kings XI,Wankhede,29 Apr 2013,Twenty20,598037
22,29,22,2,0,100.00,4,caught,1,v SRH,Hyderabad,1 May 2013,Twenty20,598039
39*,45,30,3,1,130.00,5,not out,1,v CSK,Wankhede,5 May 2013,Twenty20,598046
16,18,11,1,1,145.45,4,caught,1,v KKR,Wankhede,7 May 2013,Twenty20,598050
37,58,41,3,0,90.24,4,caught,2,v Warriors,Pune,11 May 2013,Twenty20,598055
20*,40,15,0,2,133.33,4,not out,2,v SRH,Wankhede,13 May 2013,Twenty20,598060
14,-,9,2,0,155.55,4,caught,1,v RR,Wankhede,15 May 2013,Twenty20,598063
25,36,25,2,1,100.00,4,bowled,2,v Kings XI,Dharamsala,18 May 2013,Twenty20,598066
8,13,15,0,0,53.33,4,caught,2,v CSK,Delhi,21 May 2013,Twenty20,598070
2,5,8,0,0,25.00,4,bowled,2,v RR,Eden Gardens,24 May 2013,Twenty20,598072
2,10,5,0,0,40.00,4,caught,1,v CSK,Eden Gardens,26 May 2013,Twenty20,598073
44,47,37,3,2,118.91,4,caught,1,v RR,Jaipur,21 Sep 2013,Twenty20,654341
20,18,17,2,0,117.64,4,caught,2,v Lions,Jaipur,27 Sep 2013,Twenty20,654361
51*,42,24,3,4,212.50,4,not out,2,v Scorchers,Delhi,2 Oct 2013,Twenty20,654377
25,22,22,1,2,113.63,4,bowled,2,v Trinidad & T,Delhi,5 Oct 2013,Twenty20,654383
33,28,14,3,2,235.71,4,caught,1,v RR,Delhi,6 Oct 2013,Twenty20,654385
8,8,8,0,1,100.00,1,caught,2,v Australia,Rajkot,10 Oct 2013,T20I # 331,647247
24,41,21,1,2,114.28,1,bowled,2,v Pakistan,Mirpur,21 Mar 2014,T20I # 378,682921
62*,83,55,5,2,112.72,1,not out,2,v West Indies,Mirpur,23 Mar 2014,T20I # 382,682929
56,60,44,5,1,127.27,1,caught,2,v Bangladesh,Mirpur,28 Mar 2014,T20I # 389,682943
5,1,3,1,0,166.66,1,caught,1,v Australia,Mirpur,30 Mar 2014,T20I # 393,682951
24,17,13,4,1,184.61,1,caught,2,v South Africa,Mirpur,4 Apr 2014,T20I # 399,682963
29,41,26,3,0,111.53,1,caught,1,v Sri Lanka,Mirpur,6 Apr 2014,T20I # 400,682965
27,33,20,0,1,135.00,4,caught,2,v KKR,Abu Dhabi,16 Apr 2014,Twenty20,729279
2,9,5,0,0,40.00,4,caught,1,v RCB,Dubai (DICS),19 Apr 2014,Twenty20,729287
50,60,41,3,2,121.95,4,caught,1,v CSK,Dubai (DICS),25 Apr 2014,Twenty20,729303
4,7,5,0,0,80.00,1,run out,1,v Daredevils,Sharjah,27 Apr 2014,Twenty20,729309
1,6,5,0,0,20.00,2,bowled,2,v SRH,Dubai (DICS),30 Apr 2014,Twenty20,729317
39,64,34,4,2,114.70,4,caught,2,v Kings XI,Wankhede,3 May 2014,Twenty20,733973
59*,66,35,3,4,168.57,4,not out,1,v RCB,Wankhede,6 May 2014,Twenty20,733983
19,28,19,1,0,100.00,4,caught,1,v CSK,Wankhede,10 May 2014,Twenty20,733995
14*,16,6,3,0,233.33,4,not out,2,v SRH,Hyderabad,12 May 2014,Twenty20,734001
51,62,45,4,2,113.33,4,bowled,1,v KKR,Cuttack,14 May 2014,Twenty20,734009
40,23,19,3,4,210.52,4,run out,1,v RR,Ahmedabad,19 May 2014,Twenty20,734017
18,25,20,2,0,90.00,4,caught,2,v Kings XI,Mohali,21 May 2014,Twenty20,734025
30,25,21,4,0,142.85,3,bowled,1,v Daredevils,Wankhede,23 May 2014,Twenty20,734031
16,23,11,1,1,145.45,5,caught,2,v RR,Wankhede,25 May 2014,Twenty20,734041
20,-,16,3,0,125.00,4,caught,1,v CSK,Brabourne,28 May 2014,Twenty20,734045
98*,85,65,12,4,150.76,1,not out,1,v KKR,Eden Gardens,8 Apr 2015,Twenty20,829705
0,1,2,0,0,0.00,1,lbw,2,v Kings XI,Wankhede,12 Apr 2015,Twenty20,829717
0,-,5,0,0,0.00,4,caught,1,v RR,Ahmedabad,14 Apr 2015,Twenty20,829721
50,60,31,5,1,161.29,4,caught,1,v CSK,Wankhede,17 Apr 2015,Twenty20,829729
42,28,15,3,4,280.00,4,caught,1,v RCB,Bengaluru,19 Apr 2015,Twenty20,829737
30,40,24,0,2,125.00,4,caught,2,v Daredevils,Delhi,23 Apr 2015,Twenty20,829747
24,30,15,2,1,160.00,4,caught,1,v SRH,Wankhede,25 Apr 2015,Twenty20,829751
27,27,21,2,1,128.57,4,caught,1,v RR,Wankhede,1 May 2015,Twenty20,829769
26,25,20,2,0,130.00,3,caught,1,v Kings XI,Mohali,3 May 2015,Twenty20,829775
46,108,37,2,3,124.32,4,bowled,2,v Daredevils,Wankhede,5 May 2015,Twenty20,829783
18,29,22,0,0,81.81,3,caught,2,v CSK,Chennai,8 May 2015,Twenty20,829789
15,20,13,1,1,115.38,3,caught,2,v RCB,Wankhede,10 May 2015,Twenty20,829795
30,40,21,5,0,142.85,3,bowled,1,v KKR,Wankhede,14 May 2015,Twenty20,829805
7*,1,2,0,1,350.00,3,not out,2,v SRH,Hyderabad,17 May 2015,Twenty20,829815
19,24,14,1,1,135.71,3,caught,1,v CSK,Wankhede,19 May 2015,Twenty20,829817
50,50,26,6,2,192.30,3,caught,1,v CSK,Eden Gardens,24 May 2015,Twenty20,829823
106,79,66,12,5,160.60,1,caught,1,v South Africa,Dharamsala,2 Oct 2015,T20I # 456,903587
22,40,24,2,0,91.66,1,run out,1,v South Africa,Cuttack,5 Oct 2015,T20I # 457,903589
31,21,20,4,1,155.00,1,caught,1,v Australia,Adelaide,26 Jan 2016,T20I # 485,895817
60,69,47,5,2,127.65,1,run out,1,v Australia,Melbourne,29 Jan 2016,T20I # 486,895819
52,57,38,5,1,136.84,1,caught,2,v Australia,Sydney,31 Jan 2016,T20I # 489,895821
0,2,2,0,0,0.00,1,caught,1,v Sri Lanka,Pune,9 Feb 2016,T20I # 496,963697
43,-,36,2,1,119.44,1,caught,1,v Sri Lanka,Ranchi,12 Feb 2016,T20I # 497,963699
13,-,13,1,1,100.00,1,lbw,2,v Sri Lanka,Visakhapatnam,14 Feb 2016,T20I # 499,963701
83,90,55,7,3,150.90,1,caught,1,v Bangladesh,Mirpur,24 Feb 2016,T20I # 509,966745
0,2,2,0,0,0.00,1,lbw,2,v Pakistan,Mirpur,27 Feb 2016,T20I # 512,966751
15,15,14,3,0,107.14,2,caught,2,v Sri Lanka,Mirpur,1 Mar 2016,T20I # 515,966757
39,26,28,7,1,139.28,1,caught,2,v U.A.E.,Mirpur,3 Mar 2016,T20I # 517,966761
1,8,5,0,0,20.00,1,caught,2,v Bangladesh,Mirpur,6 Mar 2016,T20I # 521,966765
5,-,7,0,0,71.42,1,stumped,2,v New Zealand,Nagpur,15 Mar 2016,T20I # 535,951329
10,11,11,2,0,90.90,1,caught,2,v Pakistan,Eden Gardens,19 Mar 2016,T20I # 541,951341
18,29,16,1,1,112.50,1,caught,1,v Bangladesh,Bengaluru,23 Mar 2016,T20I # 547,951353
12,25,17,1,0,70.58,1,bowled,2,v Australia,Mohali,27 Mar 2016,T20I # 553,951363
43,29,31,3,3,138.70,1,lbw,1,v West Indies,Wankhede,31 Mar 2016,T20I # 556,951371
7,6,5,1,0,140.00,2,lbw,1,v Supergiants,Wankhede,9 Apr 2016,Twenty20,980901
84*,93,54,10,2,155.55,1,not out,2,v KKR,Eden Gardens,13 Apr 2016,Twenty20,980909
7,6,9,1,0,77.77,1,caught,1,v Guj Lions,Wankhede,16 Apr 2016,Twenty20,980917
5,13,8,0,0,62.50,4,run out,1,v SRH,Hyderabad,18 Apr 2016,Twenty20,980923
62,66,44,4,3,140.90,1,caught,2,v RCB,Wankhede,20 Apr 2016,Twenty20,980927
65,97,48,7,1,135.41,1,run out,2,v Daredevils,Delhi,23 Apr 2016,Twenty20,980933
0,1,2,0,0,0.00,1,caught,1,v Kings XI,Mohali,25 Apr 2016,Twenty20,980941
68*,86,49,8,2,138.77,1,not out,2,v KKR,Wankhede,28 Apr 2016,Twenty20,980947
85*,82,60,8,3,141.66,1,not out,2,v Supergiants,Pune,1 May 2016,Twenty20,980957
5,5,3,1,0,166.66,1,bowled,2,v SRH,Visakhapatnam,8 May 2016,Twenty20,980973
25,45,24,3,0,104.16,1,caught,2,v RCB,Bengaluru,11 May 2016,Twenty20,980981
15,40,24,1,0,62.50,1,bowled,1,v Kings XI,Visakhapatnam,13 May 2016,Twenty20,980985
31,31,21,1,3,147.61,1,caught,1,v Daredevils,Visakhapatnam,15 May 2016,Twenty20,980993
30,16,17,4,2,176.47,1,caught,1,v Guj Lions,Kanpur,21 May 2016,Twenty20,981007
62,54,28,4,4,221.42,1,caught,2,v West Indies,Lauderhill,27 Aug 2016,T20I # 562,1041615
10*,9,8,0,1,125.00,1,not out,2,v West Indies,Lauderhill,28 Aug 2016,T20I # 563,1041617
3,9,7,0,0,42.85,3,bowled,1,v Supergiant,Pune,6 Apr 2017,Twenty20,1082592
2,6,6,0,0,33.33,4,lbw,2,v KKR,Wankhede,9 Apr 2017,Twenty20,1082597
4,8,4,0,0,100.00,3,lbw,2,v SRH,Wankhede,12 Apr 2017,Twenty20,1082600
0,5,2,0,0,0.00,3,bowled,2,v RCB,Bengaluru,14 Apr 2017,Twenty20,1082602
40*,51,29,3,1,137.93,4,not out,2,v Guj Lions,Wankhede,16 Apr 2017,Twenty20,1082606
DNB,-,-,-,-,-,-,-,2,v Kings XI,Indore,20 Apr 2017,Twenty20,1082612
5,16,9,0,0,55.55,4,caught,1,v Daredevils,Wankhede,22 Apr 2017,Twenty20,1082614
58,61,39,6,3,148.71,4,caught,2,v Supergiant,Wankhede,24 Apr 2017,Twenty20,1082618
5,16,13,0,0,38.46,4,caught,2,v Guj Lions,Rajkot,29 Apr 2017,Twenty20,1082625
56*,65,37,6,1,151.35,4,not out,2,v RCB,Wankhede,1 May 2017,Twenty20,1082628
10,14,6,1,0,166.66,4,caught,1,v Daredevils,Delhi,6 May 2017,Twenty20,1082635
67,66,45,6,2,148.88,4,bowled,1,v SRH,Hyderabad,8 May 2017,Twenty20,1082638
5,10,7,0,0,71.42,4,caught,2,v Kings XI,Wankhede,11 May 2017,Twenty20,1082641
27,27,21,4,1,128.57,3,lbw,1,v KKR,Eden Gardens,13 May 2017,Twenty20,1082644
1,4,2,0,0,50.00,3,lbw,2,v Supergiant,Wankhede,16 May 2017,Twenty20,1082647
26,42,24,1,1,108.33,4,caught,2,v KKR,Bengaluru,19 May 2017,Twenty20,1082649
24,36,22,4,0,109.09,4,caught,1,v Supergiant,Hyderabad,21 May 2017,Twenty20,1082650
9,-,8,1,0,112.50,1,caught,2,v Sri Lanka,Colombo (RPS),6 Sep 2017,T20I # 618,1109610
11,5,7,1,1,157.14,1,bowled,2,v Australia,Ranchi,7 Oct 2017,T20I # 623,1119501
8,3,4,2,0,200.00,1,lbw,1,v Australia,Guwahati,10 Oct 2017,T20I # 624,1119502
80,85,55,6,4,145.45,1,caught,1,v New Zealand,Delhi,1 Nov 2017,T20I # 630,1120093
5,9,6,1,0,83.33,1,caught,2,v New Zealand,Rajkot,4 Nov 2017,T20I # 631,1120094
8,11,9,1,0,88.88,1,caught,1,v New Zealand,Thiruvananthapuram,7 Nov 2017,T20I # 632,1120095
17,21,13,2,0,130.76,1,caught,1,v Sri Lanka,Cuttack,20 Dec 2017,T20I # 633,1122729
118,61,43,12,10,274.41,1,caught,1,v Sri Lanka,Indore,22 Dec 2017,T20I # 634,1122730
27,31,20,4,1,135.00,1,caught,2,v Sri Lanka,Wankhede,24 Dec 2017,T20I # 635,1122731
21,8,9,2,2,233.33,1,caught,1,v South Africa,Johannesburg,18 Feb 2018,T20I # 652,1122285
0,5,1,0,0,0.00,2,lbw,1,v South Africa,Centurion,21 Feb 2018,T20I # 654,1122286
11,9,8,2,0,137.50,1,lbw,1,v South Africa,Cape Town,24 Feb 2018,T20I # 655,1122287
0,-,4,0,0,0.00,1,caught,1,v Sri Lanka,Colombo (RPS),6 Mar 2018,T20I # 656,1133817
17,-,13,3,0,130.76,1,bowled,2,v Bangladesh,Colombo (RPS),8 Mar 2018,T20I # 657,1133818
11,-,7,1,1,157.14,1,caught,2,v Sri Lanka,Colombo (RPS),12 Mar 2018,T20I # 659,1133820
89,-,61,5,5,145.90,1,run out,1,v Bangladesh,Colombo (RPS),14 Mar 2018,T20I # 660,1133821
56,-,42,4,3,133.33,2,caught,2,v Bangladesh,Colombo (RPS),18 Mar 2018,T20I # 662,1133823
15,-,18,1,1,83.33,1,caught,1,v CSK,Wankhede,7 Apr 2018,Twenty20,1136561
11,-,10,1,1,110.00,1,caught,1,v SRH,Hyderabad,12 Apr 2018,Twenty20,1136567
18,-,15,2,0,120.00,4,caught,1,v Daredevils,Wankhede,14 Apr 2018,Twenty20,1136569
94,-,52,10,5,180.76,4,caught,1,v RCB,Wankhede,17 Apr 2018,Twenty20,1136574
0,-,1,0,0,0.00,5,run out,1,v RR,Jaipur,22 Apr 2018,Twenty20,1136581
2,-,6,0,0,33.33,4,caught,2,v SRH,Wankhede,24 Apr 2018,Twenty20,1136583
56*,-,33,6,2,169.69,3,not out,2,v CSK,Pune,28 Apr 2018,Twenty20,1136587
0,-,1,0,0,0.00,4,caught,2,v RCB,Bengaluru,1 May 2018,Twenty20,1136591
24*,-,15,1,2,160.00,5,not out,2,v Kings XI,Indore,4 May 2018,Twenty20,1136594
11,-,11,1,0,100.00,3,caught,1,v KKR,Wankhede,6 May 2018,Twenty20,1136597
36,-,31,2,1,116.12,3,caught,1,v KKR,Eden Gardens,9 May 2018,Twenty20,1136601
0,-,1,0,0,0.00,3,caught,1,v RR,Wankhede,13 May 2018,Twenty20,1136607
6,-,10,0,0,60.00,4,caught,1,v Kings XI,Wankhede,16 May 2018,Twenty20,1136610
13,-,11,1,0,118.18,5,caught,2,v Daredevils,Delhi,20 May 2018,Twenty20,1136615
97,87,61,8,5,159.01,1,bowled,1,v Ireland,Dublin (Malahide),27 Jun 2018,T20I # 678,1140992
0,-,2,0,0,0.00,4,caught,1,v Ireland,Dublin (Malahide),29 Jun 2018,T20I # 680,1140993
32,-,30,3,1,106.66,2,caught,2,v England,Manchester,3 Jul 2018,T20I # 684,1119543
5,-,9,1,0,55.55,1,caught,1,v England,Cardiff,6 Jul 2018,T20I # 688,1119544
100*,-,56,11,5,178.57,1,not out,2,v England,Bristol,8 Jul 2018,T20I # 690,1119545
6,-,6,1,0,100.00,1,caught,2,v West Indies,Eden Gardens,4 Nov 2018,T20I # 707,1157759
111*,95,61,8,7,181.96,1,not out,1,v West Indies,Lucknow,6 Nov 2018,T20I # 709,1157760
4,-,6,1,0,66.66,2,caught,2,v West Indies,Chennai,11 Nov 2018,T20I # 710,1157761
7,-,8,0,0,87.50,1,caught,2,v Australia,Brisbane,21 Nov 2018,T20I # 712,1144990
TDNB,-,-,-,-,-,-,-,-,v Australia,Melbourne,23 Nov 2018,T20I # 713,1144991
23,-,16,1,2,143.75,1,bowled,2,v Australia,Sydney,25 Nov 2018,T20I # 714,1144992
1,10,5,0,0,20.00,1,caught,2,v New Zealand,Wellington,6 Feb 2019,T20I # 735,1153696
50,40,29,3,4,172.41,1,caught,2,v New Zealand,Auckland,8 Feb 2019,T20I # 737,1153697
38,63,32,3,0,118.75,2,caught,2,v New Zealand,Hamilton,10 Feb 2019,T20I # 738,1153698
5,11,8,0,0,62.50,1,caught,1,v Australia,Visakhapatnam,24 Feb 2019,T20I # 748,1168247
14,-,13,2,0,107.69,1,caught,2,v DC,Wankhede,24 Mar 2019,Twenty20,1175358
48,-,33,8,1,145.45,2,caught,1,v RCB,Bengaluru,28 Mar 2019,Twenty20,1175362
32,22,18,5,0,177.77,1,lbw,1,v Kings XI,Mohali,30 Mar 2019,Twenty20,1175364
13,35,18,1,0,72.22,2,caught,1,v CSK,Wankhede,3 Apr 2019,Twenty20,1175370
11,20,14,0,1,78.57,1,caught,1,v SRH,Hyderabad,6 Apr 2019,Twenty20,1178394
47,47,32,6,1,146.87,1,caught,1,v RR,Wankhede,13 Apr 2019,Twenty20,1178402
28,38,19,2,2,147.36,2,bowled,2,v RCB,Wankhede,15 Apr 2019,Twenty20,1178406
30,33,22,3,1,136.36,1,bowled,1,v DC,Delhi,18 Apr 2019,Twenty20,1178409
5,13,7,1,0,71.42,2,caught,1,v RR,Jaipur,20 Apr 2019,Twenty20,1178411
67,79,48,6,3,139.58,1,caught,1,v CSK,Chennai,26 Apr 2019,Twenty20,1178419
12,20,9,3,0,133.33,2,lbw,2,v KKR,Eden Gardens,28 Apr 2019,Twenty20,1178422
24,25,18,5,0,133.33,1,caught,1,v SRH,Wankhede,2 May 2019,Twenty20,1178426
55*,77,48,8,0,114.58,2,not out,2,v KKR,Wankhede,5 May 2019,Twenty20,1178431
4,3,2,1,0,200.00,1,lbw,2,v CSK,Chennai,7 May 2019,Twenty20,1181764
15,27,14,1,1,107.14,2,caught,1,v CSK,Hyderabad,12 May 2019,Twenty20,1181768
24,-,25,2,2,96.00,1,caught,2,v West Indies,Lauderhill,3 Aug 2019,T20I # 842,1188621
67,-,51,6,3,131.37,1,caught,1,v West Indies,Lauderhill,4 Aug 2019,T20I # 843,1188622
12,21,12,0,2,100.00,1,lbw,2,v South Africa,Mohali,18 Sep 2019,T20I # 888,1187005
9,11,8,2,0,112.50,2,caught,1,v South Africa,Bengaluru,22 Sep 2019,T20I # 893,1187006
9,-,5,2,0,180.00,1,lbw,1,v Bangladesh,Delhi,3 Nov 2019,T20I # 1000,1187013
85,-,43,6,6,197.67,1,caught,2,v Bangladesh,Rajkot,7 Nov 2019,T20I # 1007,1187014
2,-,6,0,0,33.33,1,bowled,1,v Bangladesh,Nagpur,10 Nov 2019,T20I # 1014,1187015
8,-,10,1,0,80.00,1,caught,2,v West Indies,Hyderabad,6 Dec 2019,T20I # 1020,1187018
15,-,18,2,0,83.33,1,bowled,1,v West Indies,Thiruvananthapuram,8 Dec 2019,T20I # 1022,1187019
71,-,34,6,5,208.82,1,caught,1,v West Indies,Wankhede,11 Dec 2019,T20I # 1024,1187020
7,-,6,0,1,116.66,1,caught,2,v New Zealand,Auckland,24 Jan 2020,T20I # 1031,1187677
8,3,6,2,0,133.33,1,caught,2,v New Zealand,Auckland,26 Jan 2020,T20I # 1034,1187678
65,50,40,6,3,162.50,1,caught,1,v New Zealand,Hamilton,29 Jan 2020,T20I # 1035,1187679
60*,-,41,3,3,146.34,3,retired notout,1,v New Zealand,Mount Maunganui,2 Feb 2020,T20I # 1037,1187681
12,-,10,2,0,120.00,1,caught,1,v CSK,Abu Dhabi,19 Sep 2020,Twenty20,1216492
80,-,54,3,6,148.14,2,caught,1,v KKR,Abu Dhabi,23 Sep 2020,Twenty20,1216508
8,-,8,0,1,100.00,1,caught,2,v RCB,Dubai (DICS),28 Sep 2020,Twenty20,1216547
70,-,45,8,3,155.55,2,caught,1,v Kings XI,Abu Dhabi,1 Oct 2020,Twenty20,1216503
6,-,5,0,1,120.00,1,caught,1,v SRH,Sharjah,4 Oct 2020,Twenty20,1216538
35,-,23,2,3,152.17,2,caught,1,v RR,Abu Dhabi,6 Oct 2020,Twenty20,1216511
5,-,12,0,0,41.66,1,caught,2,v DC,Abu Dhabi,11 Oct 2020,Twenty20,1216529
35,-,36,5,1,97.22,1,caught,2,v KKR,Abu Dhabi,16 Oct 2020,Twenty20,1216526
9,-,8,2,0,112.50,1,bowled,1,v Kings XI,Dubai (DICS),18 Oct 2020,Twenty20,1216517
4,-,7,0,0,57.14,1,caught,1,v SRH,Sharjah,3 Nov 2020,Twenty20,1216495
0,-,1,0,0,0.00,2,lbw,1,v DC,Dubai (DICS),5 Nov 2020,Twenty20,1237177
68,-,51,5,4,133.33,1,caught,2,v DC,Dubai (DICS),10 Nov 2020,Twenty20,1237181
15,22,17,2,0,88.23,1,caught,1,v England,Ahmedabad,16 Mar 2021,T20I # 1133,1243390
12,17,12,1,1,100.00,1,caught,1,v England,Ahmedabad,18 Mar 2021,T20I # 1135,1243391
64,42,34,4,5,188.23,1,bowled,1,v England,Ahmedabad,20 Mar 2021,T20I # 1138,1243392
19,20,15,1,1,126.66,1,run out,1,v RCB,Chennai,9 Apr 2021,Twenty20,1254058
43,73,32,3,1,134.37,1,bowled,1,v KKR,Chennai,13 Apr 2021,Twenty20,1254062
32,32,25,2,2,128.00,2,caught,1,v SRH,Chennai,17 Apr 2021,Twenty20,1254066
44,43,30,3,3,146.66,1,caught,1,v DC,Chennai,20 Apr 2021,Twenty20,1254070
63,83,52,5,2,121.15,2,caught,1,v Punjab Kings,Chennai,23 Apr 2021,Twenty20,1254074
14,29,17,0,1,82.35,1,caught,2,v RR,Delhi,29 Apr 2021,Twenty20,1254081
35,41,24,4,1,145.83,2,caught,2,v CSK,Delhi,1 May 2021,Twenty20,1254084
33,47,30,4,0,110.00,1,caught,1,v KKR,Abu Dhabi,23 Sep 2021,Twenty20,1254096
43,50,28,5,1,153.57,1,caught,2,v RCB,Dubai (DICS),26 Sep 2021,Twenty20,1254108
8,17,10,1,0,80.00,1,caught,2,v Punjab Kings,Abu Dhabi,28 Sep 2021,Twenty20,1254099
7,10,10,1,0,70.00,1,caught,1,v DC,Sharjah,2 Oct 2021,Twenty20,1254112
22,16,13,1,2,169.23,1,caught,2,v RR,Sharjah,5 Oct 2021,Twenty20,1254093
18,27,13,3,0,138.46,1,caught,1,v SRH,Abu Dhabi,8 Oct 2021,Twenty20,1254088
0,6,1,0,0,0.00,2,lbw,1,v Pakistan,Dubai (DICS),24 Oct 2021,T20I # 1361,1273727
14,23,14,1,1,100.00,3,caught,1,v New Zealand,Dubai (DICS),31 Oct 2021,T20I # 1381,1273739
74,78,47,8,3,157.44,2,caught,1,v Afghanistan,Abu Dhabi,3 Nov 2021,T20I # 1390,1273744
30,29,16,5,1,187.50,2,lbw,2,v Scotland,Dubai (DICS),5 Nov 2021,T20I # 1396,1273748
56,46,37,7,2,151.35,2,caught,2,v Namibia,Dubai (DICS),8 Nov 2021,T20I # 1410,1273753
48,63,36,5,2,133.33,2,caught,2,v New Zealand,Jaipur,17 Nov 2021,T20I # 1434,1278671
55,90,36,1,5,152.77,2,caught,2,v New Zealand,Ranchi,19 Nov 2021,T20I # 1440,1278672
56,60,31,5,3,180.64,1,caught,1,v New Zealand,Eden Gardens,21 Nov 2021,T20I # 1446,1278673
40,37,19,4,3,210.52,1,caught,2,v West Indies,Eden Gardens,16 Feb 2022,T20I # 1467,1278679
19,39,18,2,1,105.55,1,caught,1,v West Indies,Eden Gardens,18 Feb 2022,T20I # 1473,1278680
7,25,15,0,0,46.66,4,bowled,1,v West Indies,Eden Gardens,20 Feb 2022,T20I # 1479,1278681
44,58,32,2,1,137.50,1,bowled,1,v Sri Lanka,Lucknow,24 Feb 2022,T20I # 1492,1278684
1,5,2,0,0,50.00,1,bowled,2,v Sri Lanka,Dharamsala,26 Feb 2022,T20I # 1493,1278685
5,8,9,1,0,55.55,2,caught,2,v Sri Lanka,Dharamsala,27 Feb 2022,T20I # 1494,1278686
41,42,32,4,2,128.12,1,caught,1,v DC,Brabourne,27 Mar 2022,Twenty20,1304048
10,11,5,0,1,200.00,2,caught,2,v RR,DY Patil,2 Apr 2022,Twenty20,1304055
3,15,12,0,0,25.00,1,caught,1,v KKR,Pune,6 Apr 2022,Twenty20,1304060
26,34,15,4,1,173.33,2,caught,1,v RCB,Pune,9 Apr 2022,Twenty20,1304064
28,17,17,3,2,164.70,1,caught,2,v Punjab Kings,Pune,13 Apr 2022,Twenty20,1304069
6,16,7,1,0,85.71,2,caught,2,v LSG,Brabourne,16 Apr 2022,Twenty20,1304072
0,4,2,0,0,0.00,1,caught,1,v CSK,DY Patil,21 Apr 2022,Twenty20,1304079
39,51,31,5,1,125.80,2,caught,2,v LSG,Wankhede,24 Apr 2022,Twenty20,1304083
2,13,5,0,0,40.00,1,caught,2,v RR,DY Patil,30 Apr 2022,Twenty20,1304090
43,40,28,5,2,153.57,2,lbw,1,v GT,Brabourne,6 May 2022,Twenty20,1304097
2,6,6,0,0,33.33,1,caught,2,v KKR,DY Patil,9 May 2022,Twenty20,1304102
18,21,14,4,0,128.57,2,caught,2,v CSK,Wankhede,12 May 2022,Twenty20,1304105
48,54,36,2,4,133.33,1,caught,2,v SRH,Wankhede,17 May 2022,Twenty20,1304111
2,28,13,0,0,15.38,2,caught,2,v DC,Wankhede,21 May 2022,Twenty20,1304115
24,14,14,5,0,171.42,1,caught,1,v England,Southampton,7 Jul 2022,T20I # 1616,1276904
31,26,20,3,2,155.00,1,caught,1,v England,Birmingham,9 Jul 2022,T20I # 1628,1276905
11,26,12,2,0,91.66,1,caught,2,v England,Nottingham,10 Jul 2022,T20I # 1631,1276906
64,77,44,7,2,145.45,1,caught,1,v West Indies,Tarouba,29 Jul 2022,T20I # 1702,1317903
0,2,1,0,0,0.00,1,caught,1,v West Indies,Basseterre,1 Aug 2022,T20I # 1718,1317904
11*,7,5,1,1,220.00,1,retired notout,2,v West Indies,Basseterre,2 Aug 2022,T20I # 1720,1317905
33,24,16,2,3,206.25,1,bowled,1,v West Indies,Lauderhill,6 Aug 2022,T20I # 1725,1317906
12,44,18,0,1,66.66,1,caught,2,v Pakistan,Dubai (DICS),28 Aug 2022,T20I # 1750,1327270
21,28,13,2,1,161.53,2,caught,1,v Hong Kong,Dubai (DICS),31 Aug 2022,T20I # 1754,1327272
28,27,16,3,2,175.00,2,caught,1,v Pakistan,Dubai (DICS),4 Sep 2022,T20I # 1758,1327276
72,70,41,5,4,175.60,2,caught,1,v Sri Lanka,Dubai (DICS),6 Sep 2022,T20I # 1759,1327277
11,13,9,1,1,122.22,2,caught,1,v Australia,Mohali,20 Sep 2022,T20I # 1788,1327503
46*,-,20,4,4,230.00,2,not out,2,v Australia,Nagpur,23 Sep 2022,T20I # 1794,1327504
17,19,14,2,1,121.42,2,caught,2,v Australia,Hyderabad,25 Sep 2022,T20I # 1796,1327505
0,14,2,0,0,0.00,2,caught,2,v South Africa,Thiruvananthapuram,28 Sep 2022,T20I # 1800,1327506
43,50,37,7,1,116.21,2,caught,1,v South Africa,Guwahati,2 Oct 2022,T20I # 1803,1327507
0,3,2,0,0,0.00,1,bowled,2,v South Africa,Indore,4 Oct 2022,T20I # 1805,1327508
4,20,7,0,0,57.14,2,caught,2,v Pakistan,Melbourne,23 Oct 2022,T20I # 1842,1298150
53,53,39,4,3,135.89,2,caught,1,v Netherlands,Sydney,27 Oct 2022,T20I # 1848,1298157
15,22,14,1,1,107.14,2,caught,1,v South Africa,Perth,30 Oct 2022,T20I # 1853,1298164
2,18,8,0,0,25.00,2,caught,1,v Bangladesh,Adelaide,2 Nov 2022,T20I # 1860,1298169
15,20,13,2,0,115.38,2,caught,1,v Zimbabwe,Melbourne,6 Nov 2022,T20I # 1873,1298176
27,37,28,4,0,96.42,2,caught,1,v England,Adelaide,10 Nov 2022,T20I # 1878,1298178
1,30,10,0,0,10.00,1,caught,1,v RCB,Bengaluru,2 Apr 2023,Twenty20,1359479
21,22,13,3,1,161.53,1,bowled,1,v CSK,Wankhede,8 Apr 2023,Twenty20,1359486
65,86,45,6,4,144.44,1,caught,2,v DC,Delhi,11 Apr 2023,Twenty20,1359490
20,25,13,1,2,153.84,1,caught,2,v KKR,Wankhede,16 Apr 2023,Twenty20,1359496
28,22,18,6,0,155.55,1,caught,1,v SRH,Hyderabad,18 Apr 2023,Twenty20,1359499
44,42,27,4,3,162.96,1,caught,2,v Punjab Kings,Wankhede,22 Apr 2023,Twenty20,1359505
2,10,8,0,0,25.00,1,caught,2,v GT,Ahmedabad,25 Apr 2023,Twenty20,1359509
3,12,5,0,0,60.00,1,bowled,2,v RR,Wankhede,30 Apr 2023,Twenty20,1359516
0,3,3,0,0,0.00,1,caught,2,v Punjab Kings,Mohali,3 May 2023,Twenty20,1359520
0,9,3,0,0,0.00,3,caught,1,v CSK,Chennai,6 May 2023,Twenty20,1359523
7,27,8,1,0,87.50,2,lbw,2,v RCB,Wankhede,9 May 2023,Twenty20,1359528
29,34,18,3,2,161.11,2,caught,1,v GT,Wankhede,12 May 2023,Twenty20,1359531
37,47,25,1,3,148.00,2,caught,2,v LSG,Lucknow,16 May 2023,Twenty20,1359537
56,72,37,8,1,151.35,2,caught,2,v SRH,Wankhede,21 May 2023,Twenty20,1359543
11,11,10,1,1,110.00,2,caught,1,v LSG,Chennai,24 May 2023,Twenty20,1370351
8,17,7,1,0,114.28,1,caught,2,v GT,Ahmedabad,26 May 2023,Twenty20,1370352
0,1,2,0,0,0.00,1,run out,2,v Afghanistan,Mohali,11 Jan 2024,T20I # 2428,1389396
0,6,1,0,0,0.00,2,bowled,2,v Afghanistan,Indore,14 Jan 2024,T20I # 2431,1389397
121*,103,69,11,8,175.36,2,not out,1,v Afghanistan,Bengaluru,17 Jan 2024,T20I # 2435,1389398
43,57,29,7,1,148.27,2,lbw,2,v GT,Ahmedabad,24 Mar 2024,Twenty20,1422123
26,20,12,1,3,216.66,1,caught,2,v SRH,Hyderabad,27 Mar 2024,Twenty20,1422126
0,4,1,0,0,0.00,2,caught,1,v RR,Wankhede,1 Apr 2024,Twenty20,1422132
49,30,27,6,3,181.48,1,bowled,1,v DC,Wankhede,7 Apr 2024,Twenty20,1422138
38,59,24,3,3,158.33,2,caught,2,v RCB,Wankhede,11 Apr 2024,Twenty20,1426263
105*,99,63,11,5,166.66,1,not out,2,v CSK,Wankhede,14 Apr 2024,Twenty20,1426267
36,55,25,2,3,144.00,2,caught,1,v Punjab Kings,New Chandigarh,18 Apr 2024,Twenty20,1426271
6,4,5,1,0,120.00,1,caught,1,v RR,Jaipur,22 Apr 2024,Twenty20,1426276
8,21,8,1,0,100.00,2,caught,2,v DC,Delhi,27 Apr 2024,Twenty20,1426281
4,8,5,1,0,80.00,2,caught,1,v LSG,Lucknow,30 Apr 2024,Twenty20,1426286
11,29,12,0,1,91.66,2,caught,2,v KKR,Wankhede,3 May 2024,Twenty20,1426289
4,17,5,1,0,80.00,2,caught,2,v SRH,Wankhede,6 May 2024,Twenty20,1426293
19,39,24,1,1,79.16,2,caught,2,v KKR,Eden Gardens,11 May 2024,Twenty20,1426298
68,52,38,10,3,178.94,1,caught,2,v LSG,Wankhede,17 May 2024,Twenty20,1426305
52*,48,37,4,3,140.54,1,retired notout,2,v Ireland,New York,5 Jun 2024,T20I # 2639,1415708
13,15,12,1,1,108.33,1,caught,1,v Pakistan,New York,9 Jun 2024,T20I # 2658,1415719
3,12,6,0,0,50.00,1,caught,2,v U.S.A.,New York,12 Jun 2024,T20I # 2671,1415725
8,13,13,1,0,61.53,1,caught,1,v Afghanistan,Bridgetown,20 Jun 2024,T20I # 2710,1415743
23,14,11,3,1,209.09,1,caught,1,v Bangladesh,North Sound,22 Jun 2024,T20I # 2716,1415747
92,59,41,7,8,224.39,1,bowled,1,v Australia,Gros Islet,24 Jun 2024,T20I # 2721,1415751
57,57,39,6,2,146.15,1,bowled,1,v England,Providence,27 Jun 2024,T20I # 2724,1415754
9,7,5,2,0,180.00,1,caught,1,v South Africa,Bridgetown,29 Jun 2024,T20I # 2729,1415755
0,3,4,0,0,0.00,1,caught,1,v CSK,Chennai,23 Mar 2025,Twenty20,1473440
8,3,4,2,0,200.00,1,bowled,2,v GT,Ahmedabad,29 Mar 2025,Twenty20,1473446
13,28,12,0,1,108.33,1,caught,2,v KKR,Wankhede,31 Mar 2025,Twenty20,1473449
17,7,9,2,1,188.88,1,bowled,2,v RCB,Wankhede,7 Apr 2025,Twenty20,1473458
18,24,12,2,1,150.00,1,lbw,1,v DC,Delhi,13 Apr 2025,Twenty20,1473466
26,18,16,0,3,162.50,2,caught,2,v SRH,Wankhede,17 Apr 2025,Twenty20,1473470
76*,75,45,4,6,168.88,2,not out,2,v CSK,Wankhede,20 Apr 2025,Twenty20,1473475
70,69,46,8,3,152.17,2,caught,2,v SRH,Hyderabad,23 Apr 2025,Twenty20,1473478
12,14,5,0,2,240.00,2,caught,1,v LSG,Wankhede,27 Apr 2025,Twenty20,1473482
53,63,36,9,0,147.22,2,caught,1,v RR,Jaipur,1 May 2025,Twenty20,1473487
7,17,8,1,0,87.50,2,caught,1,v GT,Wankhede,6 May 2025,Twenty20,1473493
5,12,5,1,0,100.00,2,caught,1,v DC,Wankhede,21 May 2025,Twenty20,1473501
24,46,21,2,1,114.28,2,caught,1,v Punjab Kings,Jaipur,26 May 2025,Twenty20,1473506
81,81,50,9,4,162.00,1,caught,1,v GT,New Chandigarh,30 May 2025,Twenty20,1473509
8,13,7,1,0,114.28,1,caught,1,v Punjab Kings,Ahmedabad,1 Jun 2025,Twenty20,1473510
